Genome Cluster ID,Number of Non-redundant Genomes
Cluster_0,7
Cluster_1,4
Cluster_10,211
Cluster_100,491
Cluster_1000,1
Cluster_1001,1
Cluster_1002,4
Cluster_1003,2
Cluster_1004,2
Cluster_1005,1
Cluster_1006,1
Cluster_1007,12
Cluster_1008,11
Cluster_1009,11
Cluster_101,1
Cluster_1010,2
Cluster_1011,8
Cluster_1012,4
Cluster_1013,1
Cluster_1014,1
Cluster_1015,8
Cluster_1016,2
Cluster_1017,2
Cluster_1018,19
Cluster_1019,1
Cluster_102,24
Cluster_1020,5
Cluster_1021,1
Cluster_1022,2
Cluster_1023,13
Cluster_1024,2
Cluster_1025,12
Cluster_1026,4
Cluster_1027,5
Cluster_1028,8
Cluster_1029,1
Cluster_103,1
Cluster_1030,1
Cluster_1031,2
Cluster_1032,4
Cluster_1033,1
Cluster_1034,2
Cluster_1035,2
Cluster_1036,2
Cluster_1037,1
Cluster_1038,3
Cluster_1039,2
Cluster_104,1
Cluster_1040,2
Cluster_1041,2
Cluster_1042,1
Cluster_1043,2
Cluster_1044,2
Cluster_1045,1
Cluster_1046,4
Cluster_1047,2
Cluster_1048,1
Cluster_1049,1
Cluster_105,141
Cluster_1050,2
Cluster_1051,16
Cluster_1052,1
Cluster_1053,3
Cluster_1054,4
Cluster_1055,2
Cluster_1056,2
Cluster_1057,2
Cluster_1058,26
Cluster_1059,2
Cluster_106,12
Cluster_1060,1
Cluster_1061,1
Cluster_1062,1
Cluster_1063,5
Cluster_1064,6
Cluster_1065,2
Cluster_1066,10
Cluster_1067,7
Cluster_1068,12
Cluster_1069,70
Cluster_107,9
Cluster_1070,7
Cluster_1071,13
Cluster_1072,10
Cluster_1073,4
Cluster_1074,1
Cluster_1075,1
Cluster_1076,2
Cluster_1077,1
Cluster_1078,4
Cluster_1079,3
Cluster_108,1
Cluster_1080,3
Cluster_1081,1
Cluster_1082,3
Cluster_1083,3
Cluster_1084,2
Cluster_1085,3
Cluster_1086,4
Cluster_1087,5
Cluster_1088,2
Cluster_1089,1
Cluster_109,2
Cluster_1090,1
Cluster_1091,1
Cluster_1092,3
Cluster_1093,2
Cluster_1094,3
Cluster_1095,2
Cluster_1096,1
Cluster_1097,4
Cluster_1098,1
Cluster_1099,1
Cluster_11,1
Cluster_110,3
Cluster_1100,2
Cluster_1101,2
Cluster_1102,1
Cluster_1103,4
Cluster_1104,3
Cluster_1105,2
Cluster_1106,4
Cluster_1107,3
Cluster_1108,1
Cluster_1109,3
Cluster_111,395
Cluster_1110,2
Cluster_1111,1
Cluster_1112,2
Cluster_1113,2
Cluster_1114,2
Cluster_1115,2
Cluster_1116,2
Cluster_1117,3
Cluster_1118,2
Cluster_1119,2
Cluster_112,1180
Cluster_1120,1
Cluster_1121,1
Cluster_1122,7
Cluster_1123,1
Cluster_1124,4
Cluster_1125,1
Cluster_1126,2
Cluster_1127,5
Cluster_1128,1
Cluster_1129,3
Cluster_113,609
Cluster_1130,2
Cluster_1131,1
Cluster_1132,6
Cluster_1133,4
Cluster_1134,4
Cluster_1135,2
Cluster_1136,1
Cluster_1137,1
Cluster_1138,2
Cluster_1139,2
Cluster_114,607
Cluster_1140,1
Cluster_1141,3
Cluster_1142,1
Cluster_1143,1
Cluster_1144,2
Cluster_1145,2
Cluster_1146,3
Cluster_1147,1
Cluster_1148,1
Cluster_1149,2
Cluster_115,48
Cluster_1150,15
Cluster_1151,6
Cluster_1152,1
Cluster_1153,35
Cluster_1154,23
Cluster_1155,74
Cluster_1156,8
Cluster_1157,13
Cluster_1158,1
Cluster_1159,2
Cluster_116,46
Cluster_1160,4
Cluster_1161,1
Cluster_1162,3
Cluster_1163,1
Cluster_1164,2
Cluster_1165,4
Cluster_1166,2
Cluster_1167,1
Cluster_1168,1
Cluster_1169,3
Cluster_117,521
Cluster_1170,2
Cluster_1171,2
Cluster_1172,2
Cluster_1173,3
Cluster_1174,3
Cluster_1175,2
Cluster_1176,3
Cluster_1177,2
Cluster_1178,2
Cluster_1179,4
Cluster_118,306
Cluster_1180,1
Cluster_1181,11
Cluster_1182,27
Cluster_1183,1
Cluster_1184,1
Cluster_1185,1
Cluster_1186,1
Cluster_1187,2
Cluster_1188,2
Cluster_1189,1
Cluster_119,237
Cluster_1190,2
Cluster_1191,1
Cluster_1192,1
Cluster_1193,3
Cluster_1194,1
Cluster_1195,1
Cluster_1196,1
Cluster_1197,3
Cluster_1198,24
Cluster_1199,4
Cluster_12,1
Cluster_120,24
Cluster_1200,9
Cluster_1201,2
Cluster_1202,6
Cluster_1203,26
Cluster_1204,1
Cluster_1205,30
Cluster_1206,1
Cluster_1207,1
Cluster_1208,1
Cluster_1209,2
Cluster_121,315
Cluster_1210,4
Cluster_1211,6
Cluster_1212,1
Cluster_1213,18
Cluster_1214,1
Cluster_1215,1
Cluster_1216,10
Cluster_1217,2
Cluster_1218,1
Cluster_1219,3
Cluster_122,5
Cluster_1220,1
Cluster_1221,1
Cluster_1222,1
Cluster_1223,1
Cluster_1224,2
Cluster_1225,6
Cluster_1226,1
Cluster_1227,1
Cluster_1228,7
Cluster_1229,4
Cluster_123,252
Cluster_1230,7
Cluster_1231,1
Cluster_1232,1
Cluster_1233,1
Cluster_1234,2
Cluster_1235,1
Cluster_1236,3
Cluster_1237,1
Cluster_1238,2
Cluster_1239,4
Cluster_124,1
Cluster_1240,2
Cluster_1241,1
Cluster_1242,2
Cluster_1243,1
Cluster_1244,2
Cluster_1245,2
Cluster_1246,2
Cluster_1247,1
Cluster_1248,2
Cluster_1249,1
Cluster_125,1
Cluster_1250,2
Cluster_1251,2
Cluster_1252,2
Cluster_1253,2
Cluster_1254,2
Cluster_1255,2
Cluster_1256,2
Cluster_1257,2
Cluster_1258,1
Cluster_1259,1
Cluster_126,16
Cluster_1260,2
Cluster_1261,1
Cluster_1262,2
Cluster_1263,3
Cluster_1264,2
Cluster_1265,2
Cluster_1266,1
Cluster_1267,2
Cluster_1268,2
Cluster_1269,2
Cluster_127,1
Cluster_1270,1
Cluster_1271,1
Cluster_1272,1
Cluster_1273,2
Cluster_1274,2
Cluster_1275,11
Cluster_1276,2
Cluster_1277,1
Cluster_1278,2
Cluster_1279,1
Cluster_128,5
Cluster_1280,3
Cluster_1281,8
Cluster_1282,1
Cluster_1283,1
Cluster_1284,20
Cluster_1285,1
Cluster_1286,20
Cluster_1287,1
Cluster_1288,6
Cluster_1289,3
Cluster_129,36
Cluster_1290,9
Cluster_1291,61
Cluster_1292,38
Cluster_1293,20
Cluster_1294,1
Cluster_1295,5
Cluster_1296,34
Cluster_1297,92
Cluster_1298,49
Cluster_1299,3
Cluster_13,2
Cluster_130,154
Cluster_1300,3
Cluster_1301,14
Cluster_1302,2
Cluster_1303,1
Cluster_1304,1
Cluster_1305,1
Cluster_1306,1
Cluster_1307,1
Cluster_1308,32
Cluster_1309,1
Cluster_131,95
Cluster_1310,1
Cluster_1311,2
Cluster_1312,3
Cluster_1313,1
Cluster_1314,225
Cluster_1315,1483
Cluster_1316,2
Cluster_1317,6
Cluster_1318,10
Cluster_1319,13
Cluster_132,1262
Cluster_1320,7
Cluster_1321,1
Cluster_1322,1
Cluster_1323,1
Cluster_1324,30
Cluster_1325,20
Cluster_1326,2
Cluster_1327,2
Cluster_1328,23
Cluster_1329,10
Cluster_133,214
Cluster_1330,7
Cluster_1331,10
Cluster_1332,26
Cluster_1333,4
Cluster_1334,12
Cluster_1335,1
Cluster_1336,1
Cluster_1337,8
Cluster_1338,3
Cluster_1339,47
Cluster_134,2920
Cluster_1340,3
Cluster_1341,1
Cluster_1342,3
Cluster_1343,2
Cluster_1344,7
Cluster_1345,5
Cluster_1346,3
Cluster_1347,1
Cluster_1348,4
Cluster_1349,1
Cluster_135,1517
Cluster_1350,1
Cluster_1351,1
Cluster_1352,1
Cluster_1353,4
Cluster_1354,119
Cluster_1355,12
Cluster_1356,1
Cluster_1357,4
Cluster_1358,1
Cluster_1359,1
Cluster_136,227
Cluster_1360,1
Cluster_1361,5
Cluster_1362,11
Cluster_1363,26
Cluster_1364,21
Cluster_1365,4
Cluster_1366,1
Cluster_1367,3
Cluster_1368,6
Cluster_1369,41
Cluster_137,797
Cluster_1370,24
Cluster_1371,184
Cluster_1372,1
Cluster_1373,1
Cluster_1374,3
Cluster_1375,2
Cluster_1376,6
Cluster_1377,15
Cluster_1378,19
Cluster_1379,2
Cluster_138,32
Cluster_1380,2
Cluster_1381,7
Cluster_1382,3
Cluster_1383,1
Cluster_1384,32
Cluster_1385,1
Cluster_1386,1
Cluster_1387,8
Cluster_1388,23
Cluster_1389,1
Cluster_139,1009
Cluster_1390,1
Cluster_1391,1
Cluster_1392,4
Cluster_1393,4
Cluster_1394,1
Cluster_1395,1
Cluster_1396,2
Cluster_1397,3
Cluster_1398,1
Cluster_1399,1
Cluster_14,11
Cluster_140,43
Cluster_1400,1
Cluster_1401,11
Cluster_1402,8
Cluster_1403,2
Cluster_1404,1
Cluster_1405,64
Cluster_1406,2
Cluster_1407,1
Cluster_1408,2
Cluster_1409,1
Cluster_141,3
Cluster_1410,11
Cluster_1411,3
Cluster_1412,4
Cluster_1413,2
Cluster_1414,2
Cluster_1415,48
Cluster_1416,1
Cluster_1417,3
Cluster_1418,11
Cluster_1419,10
Cluster_142,1
Cluster_1420,8
Cluster_1421,1
Cluster_1422,1
Cluster_1423,10
Cluster_1424,3
Cluster_1425,10
Cluster_1426,1
Cluster_1427,1
Cluster_1428,1
Cluster_1429,2
Cluster_143,8
Cluster_1430,1
Cluster_1431,2
Cluster_1432,1
Cluster_1433,2
Cluster_1434,3
Cluster_1435,20
Cluster_1436,23
Cluster_1437,3
Cluster_1438,1
Cluster_1439,1
Cluster_144,1
Cluster_1440,8
Cluster_1441,14
Cluster_1442,1
Cluster_1443,9
Cluster_1444,2
Cluster_1445,5
Cluster_1446,1
Cluster_1447,3
Cluster_1448,6
Cluster_1449,1
Cluster_145,30
Cluster_1450,10
Cluster_1451,3
Cluster_1452,2
Cluster_1453,1
Cluster_1454,1
Cluster_1455,1
Cluster_1456,1
Cluster_1457,13
Cluster_1458,2
Cluster_1459,19
Cluster_146,93
Cluster_1460,3
Cluster_1461,21
Cluster_1462,9
Cluster_1463,2
Cluster_1464,3
Cluster_1465,10
Cluster_1466,2
Cluster_1467,19
Cluster_1468,2
Cluster_1469,3
Cluster_147,1581
Cluster_1470,5
Cluster_1471,5
Cluster_1472,4
Cluster_1473,1
Cluster_1474,5
Cluster_1475,18
Cluster_1476,1
Cluster_1477,1
Cluster_1478,1
Cluster_1479,2
Cluster_148,749
Cluster_1480,1
Cluster_1481,3
Cluster_1482,2
Cluster_1483,2
Cluster_1484,1
Cluster_1485,2
Cluster_1486,1
Cluster_1487,2
Cluster_1488,1
Cluster_1489,4
Cluster_149,107
Cluster_1490,1
Cluster_1491,2
Cluster_1492,1
Cluster_1493,1
Cluster_1494,2
Cluster_1495,3
Cluster_1496,3
Cluster_1497,1
Cluster_1498,1
Cluster_1499,1
Cluster_15,339
Cluster_150,2
Cluster_1500,2
Cluster_1501,1
Cluster_1502,1
Cluster_1503,2
Cluster_1504,1
Cluster_1505,2
Cluster_1506,1
Cluster_1507,1
Cluster_1508,8
Cluster_1509,1
Cluster_151,1
Cluster_1510,3
Cluster_1511,1
Cluster_1512,2
Cluster_1513,6
Cluster_1514,2
Cluster_1515,1
Cluster_1516,6
Cluster_1517,3
Cluster_1518,3
Cluster_1519,29
Cluster_152,1
Cluster_1520,5
Cluster_1521,15
Cluster_1522,1
Cluster_1523,5
Cluster_1524,1
Cluster_1525,1
Cluster_1526,5
Cluster_1527,1
Cluster_1528,1
Cluster_1529,3
Cluster_153,4
Cluster_1530,1
Cluster_1531,2
Cluster_1532,2
Cluster_1533,6
Cluster_1534,2
Cluster_1535,2
Cluster_1536,1
Cluster_1537,2
Cluster_1538,1
Cluster_1539,3
Cluster_154,26
Cluster_1540,1
Cluster_1541,3
Cluster_1542,17
Cluster_1543,4
Cluster_1544,2
Cluster_1545,2
Cluster_1546,11
Cluster_1547,4
Cluster_1548,4
Cluster_1549,1
Cluster_155,3
Cluster_1550,4
Cluster_1551,4
Cluster_1552,2
Cluster_1553,9
Cluster_1554,17
Cluster_1555,4
Cluster_1556,3
Cluster_1557,12
Cluster_1558,1
Cluster_1559,5
Cluster_156,6
Cluster_1560,2
Cluster_1561,1
Cluster_1562,3
Cluster_1563,14
Cluster_1564,2
Cluster_1565,1
Cluster_1566,1
Cluster_1567,1
Cluster_1568,1
Cluster_1569,1
Cluster_157,2
Cluster_1570,1
Cluster_1571,4
Cluster_1572,1
Cluster_1573,1
Cluster_1574,7
Cluster_1575,14
Cluster_1576,1
Cluster_1577,1
Cluster_1578,2
Cluster_1579,2
Cluster_158,199
Cluster_1580,3
Cluster_1581,2
Cluster_1582,1
Cluster_1583,13
Cluster_1584,1
Cluster_1585,1
Cluster_1586,3
Cluster_1587,1
Cluster_1588,5
Cluster_1589,1
Cluster_159,2134
Cluster_1590,1
Cluster_1591,1
Cluster_1592,1
Cluster_1593,2
Cluster_1594,1
Cluster_1595,1
Cluster_1596,2
Cluster_1597,2
Cluster_1598,1
Cluster_1599,2
Cluster_16,2998
Cluster_160,97
Cluster_1600,1
Cluster_1601,1
Cluster_1602,2
Cluster_1603,1
Cluster_1604,1
Cluster_1605,2
Cluster_1606,2
Cluster_1607,18
Cluster_1608,1
Cluster_1609,2
Cluster_161,64
Cluster_1610,1
Cluster_1611,2
Cluster_1612,2
Cluster_1613,2
Cluster_1614,1
Cluster_1615,1
Cluster_1616,1
Cluster_1617,1
Cluster_1618,2
Cluster_1619,1
Cluster_162,16
Cluster_1620,1
Cluster_1621,4
Cluster_1622,9
Cluster_1623,7
Cluster_1624,1
Cluster_1625,2
Cluster_1626,1
Cluster_1627,2
Cluster_1628,2
Cluster_1629,1
Cluster_163,1
Cluster_1630,3
Cluster_1631,1
Cluster_1632,4
Cluster_1633,2
Cluster_1634,1
Cluster_1635,4
Cluster_1636,2
Cluster_1637,1
Cluster_1638,1
Cluster_1639,6
Cluster_164,18
Cluster_1640,11
Cluster_1641,1
Cluster_1642,2
Cluster_1643,1
Cluster_1644,2
Cluster_1645,2
Cluster_1646,1
Cluster_1647,2
Cluster_1648,1
Cluster_1649,1
Cluster_165,1
Cluster_1650,7
Cluster_1651,2
Cluster_1652,1
Cluster_1653,6
Cluster_1654,5
Cluster_1655,5
Cluster_1656,2
Cluster_1657,1
Cluster_1658,1
Cluster_1659,2
Cluster_166,13
Cluster_1660,2
Cluster_1661,4
Cluster_1662,43
Cluster_1663,37
Cluster_1664,325
Cluster_1665,13
Cluster_1666,9
Cluster_1667,1
Cluster_1668,1
Cluster_1669,1
Cluster_167,100
Cluster_1670,2
Cluster_1671,10
Cluster_1672,29
Cluster_1673,7
Cluster_1674,133
Cluster_1675,12
Cluster_1676,8
Cluster_1677,2
Cluster_1678,5
Cluster_1679,1
Cluster_168,30
Cluster_1680,7
Cluster_1681,2
Cluster_1682,17
Cluster_1683,46
Cluster_1684,3
Cluster_1685,1
Cluster_1686,2
Cluster_1687,1
Cluster_1688,8
Cluster_1689,1
Cluster_169,1
Cluster_1690,9
Cluster_1691,2
Cluster_1692,2
Cluster_1693,1
Cluster_1694,1
Cluster_1695,1
Cluster_1696,1
Cluster_1697,2
Cluster_1698,1
Cluster_1699,2
Cluster_17,532
Cluster_170,2
Cluster_1700,1
Cluster_1701,1
Cluster_1702,1
Cluster_1703,1
Cluster_1704,1
Cluster_1705,1
Cluster_1706,1
Cluster_1707,3
Cluster_1708,1
Cluster_1709,2
Cluster_171,247
Cluster_1710,2
Cluster_1711,3
Cluster_1712,1
Cluster_1713,4
Cluster_1714,1
Cluster_1715,1
Cluster_1716,2
Cluster_1717,2
Cluster_1718,1
Cluster_1719,2
Cluster_172,19
Cluster_1720,2
Cluster_1721,6
Cluster_1722,2
Cluster_1723,6
Cluster_1724,5
Cluster_1725,1
Cluster_1726,1
Cluster_1727,1
Cluster_1728,1
Cluster_1729,1
Cluster_173,137
Cluster_1730,1
Cluster_1731,2
Cluster_1732,1
Cluster_1733,1
Cluster_1734,151
Cluster_1735,1
Cluster_1736,4
Cluster_1737,2
Cluster_1738,14
Cluster_1739,1
Cluster_174,2
Cluster_1740,3
Cluster_1741,3
Cluster_1742,3
Cluster_1743,2
Cluster_1744,7
Cluster_1745,1
Cluster_1746,3
Cluster_1747,3
Cluster_1748,8
Cluster_1749,5
Cluster_175,6
Cluster_1750,1
Cluster_1751,1
Cluster_1752,5
Cluster_1753,1
Cluster_1754,2
Cluster_1755,552
Cluster_1756,3
Cluster_1757,3
Cluster_1758,1
Cluster_1759,1
Cluster_176,1
Cluster_1760,1
Cluster_1761,1
Cluster_1762,448
Cluster_1763,12
Cluster_1764,4
Cluster_1765,95
Cluster_1766,121
Cluster_1767,5
Cluster_1768,1
Cluster_1769,4
Cluster_177,1
Cluster_1770,2
Cluster_1771,2
Cluster_1772,2
Cluster_1773,2
Cluster_1774,2
Cluster_1775,2
Cluster_1776,1
Cluster_1777,2
Cluster_1778,2
Cluster_1779,2
Cluster_178,47
Cluster_1780,2
Cluster_1781,1
Cluster_1782,2
Cluster_1783,5
Cluster_1784,40
Cluster_1785,3
Cluster_1786,1
Cluster_1787,2
Cluster_1788,2
Cluster_1789,1
Cluster_179,2
Cluster_1790,3
Cluster_1791,11
Cluster_1792,168
Cluster_1793,2
Cluster_1794,1
Cluster_1795,2
Cluster_1796,1
Cluster_1797,2
Cluster_1798,3
Cluster_1799,21
Cluster_18,2
Cluster_180,6
Cluster_1800,2
Cluster_1801,1
Cluster_1802,1
Cluster_1803,1
Cluster_1804,1
Cluster_1805,9
Cluster_1806,26
Cluster_1807,32
Cluster_1808,3
Cluster_1809,67
Cluster_181,32
Cluster_1810,81
Cluster_1811,3
Cluster_1812,312
Cluster_1813,120
Cluster_1814,25
Cluster_1815,1
Cluster_1816,5
Cluster_1817,5
Cluster_1818,32
Cluster_1819,9
Cluster_182,1
Cluster_1820,62
Cluster_1821,1
Cluster_1822,1
Cluster_1823,1502
Cluster_1824,2
Cluster_1825,1
Cluster_1826,1
Cluster_1827,1
Cluster_1828,1
Cluster_1829,4
Cluster_183,3
Cluster_1830,3
Cluster_1831,3
Cluster_1832,2
Cluster_1833,2
Cluster_1834,1
Cluster_1835,7
Cluster_1836,11
Cluster_1837,1
Cluster_1838,5
Cluster_1839,8
Cluster_184,59
Cluster_1840,1
Cluster_1841,2
Cluster_1842,461
Cluster_1843,110
Cluster_1844,11
Cluster_1845,542
Cluster_1846,1
Cluster_1847,1
Cluster_1848,1
Cluster_1849,1
Cluster_185,11
Cluster_1850,8
Cluster_1851,1
Cluster_1852,1
Cluster_1853,3
Cluster_1854,8
Cluster_1855,3
Cluster_1856,3
Cluster_1857,12
Cluster_1858,12
Cluster_1859,1
Cluster_186,2
Cluster_1860,1
Cluster_1861,5
Cluster_1862,2
Cluster_1863,1
Cluster_1864,17
Cluster_1865,9
Cluster_1866,1
Cluster_1867,1
Cluster_1868,1
Cluster_1869,1
Cluster_187,9
Cluster_1870,1
Cluster_1871,1
Cluster_1872,1
Cluster_1873,1
Cluster_1874,1
Cluster_1875,1
Cluster_1876,1
Cluster_1877,1
Cluster_1878,1
Cluster_1879,3
Cluster_188,4
Cluster_1880,1
Cluster_1881,2
Cluster_1882,1
Cluster_1883,2
Cluster_1884,18
Cluster_1885,7
Cluster_1886,2
Cluster_1887,2
Cluster_1888,51
Cluster_1889,5
Cluster_189,47
Cluster_1890,6
Cluster_1891,5
Cluster_1892,1
Cluster_1893,38
Cluster_1894,67
Cluster_1895,1
Cluster_1896,1
Cluster_1897,1
Cluster_1898,1
Cluster_1899,2
Cluster_19,422
Cluster_190,15
Cluster_1900,2
Cluster_1901,2
Cluster_1902,4
Cluster_1903,35
Cluster_1904,2
Cluster_1905,1
Cluster_1906,2
Cluster_1907,6
Cluster_1908,2
Cluster_1909,1
Cluster_191,11
Cluster_1910,2
Cluster_1911,6
Cluster_1912,2
Cluster_1913,13
Cluster_1914,4
Cluster_1915,1
Cluster_1916,1
Cluster_1917,48
Cluster_1918,4
Cluster_1919,1
Cluster_192,101
Cluster_1920,1
Cluster_1921,1
Cluster_1922,1
Cluster_1923,1
Cluster_1924,2
Cluster_1925,15
Cluster_1926,2
Cluster_1927,7
Cluster_1928,21
Cluster_1929,2
Cluster_193,87
Cluster_1930,4
Cluster_1931,1
Cluster_1932,1
Cluster_1933,8
Cluster_1934,1
Cluster_1935,1
Cluster_1936,1
Cluster_1937,5
Cluster_1938,4
Cluster_1939,33
Cluster_194,7
Cluster_1940,3
Cluster_1941,1
Cluster_1942,1
Cluster_1943,2
Cluster_1944,1
Cluster_1945,1
Cluster_1946,4
Cluster_1947,3
Cluster_1948,1
Cluster_1949,8
Cluster_195,1
Cluster_1950,1
Cluster_1951,1
Cluster_1952,252
Cluster_1953,2
Cluster_1954,36
Cluster_1955,8
Cluster_1956,3
Cluster_1957,1
Cluster_1958,1
Cluster_1959,1
Cluster_196,3
Cluster_1960,2
Cluster_1961,3
Cluster_1962,1
Cluster_1963,1
Cluster_1964,1
Cluster_1965,1
Cluster_1966,1
Cluster_1967,2
Cluster_1968,1
Cluster_1969,2
Cluster_197,6
Cluster_1970,3
Cluster_1971,1
Cluster_1972,2
Cluster_1973,1
Cluster_1974,14
Cluster_1975,1
Cluster_1976,3
Cluster_1977,25
Cluster_1978,4
Cluster_1979,1
Cluster_198,1
Cluster_1980,3
Cluster_1981,3
Cluster_1982,7
Cluster_1983,44
Cluster_1984,92
Cluster_1985,1
Cluster_1986,2
Cluster_1987,1
Cluster_1988,1
Cluster_1989,1
Cluster_199,1
Cluster_1990,1
Cluster_1991,8
Cluster_1992,6
Cluster_1993,3
Cluster_1994,1
Cluster_1995,1
Cluster_1996,1
Cluster_1997,3
Cluster_1998,3
Cluster_1999,3
Cluster_2,2
Cluster_20,2
Cluster_200,2
Cluster_2000,6
Cluster_2001,7
Cluster_2002,1
Cluster_2003,31
Cluster_2004,1
Cluster_2005,30
Cluster_2006,1
Cluster_2007,1
Cluster_2008,12
Cluster_2009,1
Cluster_201,1
Cluster_2010,3
Cluster_2011,9
Cluster_2012,1
Cluster_2013,1
Cluster_2014,146
Cluster_2015,4
Cluster_2016,1
Cluster_2017,1
Cluster_2018,1
Cluster_2019,2
Cluster_202,33
Cluster_2020,3
Cluster_2021,5
Cluster_2022,2
Cluster_2023,1
Cluster_2024,1
Cluster_2025,2
Cluster_2026,1
Cluster_2027,1
Cluster_2028,4
Cluster_2029,2
Cluster_203,184
Cluster_2030,1
Cluster_2031,2
Cluster_2032,2
Cluster_2033,5
Cluster_2034,5
Cluster_2035,1
Cluster_2036,1
Cluster_2037,9
Cluster_2038,51
Cluster_2039,161
Cluster_204,360
Cluster_2040,336
Cluster_2041,183
Cluster_2042,16
Cluster_2043,49
Cluster_2044,55
Cluster_2045,2
Cluster_2046,3
Cluster_2047,1
Cluster_2048,39
Cluster_2049,10
Cluster_205,1
Cluster_2050,5
Cluster_2051,1
Cluster_2052,1
Cluster_2053,1
Cluster_2054,1
Cluster_2055,6
Cluster_2056,17
Cluster_2057,1
Cluster_2058,2
Cluster_2059,4
Cluster_206,1
Cluster_2060,38
Cluster_2061,2
Cluster_2062,12
Cluster_2063,14
Cluster_2064,3
Cluster_2065,1
Cluster_2066,2
Cluster_2067,1
Cluster_2068,1012
Cluster_2069,2
Cluster_207,7
Cluster_2070,2
Cluster_2071,692
Cluster_2072,126
Cluster_2073,3
Cluster_2074,17
Cluster_2075,40
Cluster_2076,4
Cluster_2077,7
Cluster_2078,1
Cluster_2079,2
Cluster_208,1
Cluster_2080,13
Cluster_2081,3
Cluster_2082,2
Cluster_2083,4
Cluster_2084,70
Cluster_2085,1
Cluster_2086,1
Cluster_2087,43
Cluster_2088,2
Cluster_2089,2
Cluster_209,31
Cluster_2090,1
Cluster_2091,2
Cluster_2092,1
Cluster_2093,1
Cluster_2094,11
Cluster_2095,1
Cluster_2096,5
Cluster_2097,3
Cluster_2098,8
Cluster_2099,2
Cluster_21,166
Cluster_210,21
Cluster_2100,1
Cluster_2101,2
Cluster_2102,1
Cluster_2103,33
Cluster_2104,34
Cluster_2105,6
Cluster_2106,1
Cluster_2107,1
Cluster_2108,1
Cluster_2109,3
Cluster_211,1
Cluster_2110,1
Cluster_2111,1
Cluster_2112,1
Cluster_2113,8
Cluster_2114,1
Cluster_2115,22
Cluster_2116,1
Cluster_2117,1
Cluster_2118,2
Cluster_2119,1
Cluster_212,2278
Cluster_2120,1
Cluster_2121,2
Cluster_2122,3
Cluster_2123,2
Cluster_2124,1
Cluster_2125,1
Cluster_2126,1
Cluster_2127,1
Cluster_2128,2
Cluster_2129,1
Cluster_213,1
Cluster_2130,1
Cluster_2131,2
Cluster_2132,4
Cluster_2133,43
Cluster_2134,25
Cluster_2135,1
Cluster_2136,1
Cluster_2137,1
Cluster_2138,1
Cluster_2139,1
Cluster_214,27
Cluster_2140,1
Cluster_2141,2
Cluster_2142,2
Cluster_2143,2
Cluster_2144,1
Cluster_2145,2
Cluster_2146,1
Cluster_2147,1
Cluster_2148,5
Cluster_2149,3
Cluster_215,1
Cluster_2150,2
Cluster_2151,1
Cluster_2152,1
Cluster_2153,327
Cluster_2154,2
Cluster_2155,1
Cluster_2156,5
Cluster_2157,2
Cluster_2158,9
Cluster_2159,2
Cluster_216,44
Cluster_2160,15
Cluster_2161,1
Cluster_2162,1
Cluster_2163,3
Cluster_2164,1
Cluster_2165,3
Cluster_2166,13
Cluster_2167,1
Cluster_2168,3
Cluster_2169,138
Cluster_217,83
Cluster_2170,2
Cluster_2171,1
Cluster_2172,1
Cluster_2173,4
Cluster_2174,5
Cluster_2175,5
Cluster_2176,2
Cluster_2177,4
Cluster_2178,1
Cluster_2179,1
Cluster_218,2
Cluster_2180,1
Cluster_2181,1
Cluster_2182,1
Cluster_2183,1
Cluster_2184,2
Cluster_2185,1
Cluster_2186,1
Cluster_2187,15
Cluster_2188,2
Cluster_2189,1182
Cluster_219,4
Cluster_2190,1
Cluster_2191,1
Cluster_2192,1
Cluster_2193,6
Cluster_2194,7
Cluster_2195,1
Cluster_2196,377
Cluster_2197,2
Cluster_2198,3
Cluster_2199,75
Cluster_22,2
Cluster_220,1
Cluster_2200,2
Cluster_2201,3
Cluster_2202,3
Cluster_2203,7
Cluster_2204,4
Cluster_2205,5
Cluster_2206,14
Cluster_2207,37
Cluster_2208,117
Cluster_2209,65
Cluster_221,1
Cluster_2210,3
Cluster_2211,6
Cluster_2212,2
Cluster_2213,9
Cluster_2214,71
Cluster_2215,1
Cluster_2216,4
Cluster_2217,1
Cluster_2218,2
Cluster_2219,6
Cluster_222,1
Cluster_2220,3
Cluster_2221,1
Cluster_2222,81
Cluster_2223,14
Cluster_2224,66
Cluster_2225,5
Cluster_2226,3
Cluster_2227,3
Cluster_2228,14
Cluster_2229,1
Cluster_223,5
Cluster_2230,4
Cluster_2231,2
Cluster_2232,3
Cluster_2233,1
Cluster_2234,1
Cluster_2235,1
Cluster_2236,1
Cluster_2237,2
Cluster_2238,1
Cluster_2239,11
Cluster_224,1
Cluster_2240,1
Cluster_2241,1
Cluster_2242,1
Cluster_2243,1
Cluster_2244,2
Cluster_2245,1
Cluster_2246,1
Cluster_2247,1
Cluster_2248,1
Cluster_2249,5
Cluster_225,32
Cluster_2250,3
Cluster_2251,62
Cluster_2252,294
Cluster_2253,34
Cluster_2254,52
Cluster_2255,1
Cluster_2256,1
Cluster_2257,1
Cluster_2258,4
Cluster_2259,5
Cluster_226,67
Cluster_2260,1
Cluster_2261,1
Cluster_2262,79
Cluster_2263,1
Cluster_2264,3513
Cluster_2265,1
Cluster_2266,146
Cluster_2267,5
Cluster_2268,2
Cluster_2269,13
Cluster_227,3
Cluster_2270,1
Cluster_2271,1
Cluster_2272,4
Cluster_2273,20
Cluster_2274,15
Cluster_2275,17
Cluster_2276,16
Cluster_2277,4
Cluster_2278,4
Cluster_2279,1
Cluster_228,10
Cluster_2280,10
Cluster_2281,2
Cluster_2282,15
Cluster_2283,4
Cluster_2284,1
Cluster_2285,1
Cluster_2286,1
Cluster_2287,3
Cluster_2288,1
Cluster_2289,187
Cluster_229,1
Cluster_2290,163
Cluster_2291,1
Cluster_2292,77
Cluster_2293,125
Cluster_2294,1
Cluster_2295,294
Cluster_2296,1
Cluster_2297,1
Cluster_2298,4
Cluster_2299,10
Cluster_23,3
Cluster_230,100
Cluster_2300,377
Cluster_2301,9
Cluster_2302,5
Cluster_2303,4
Cluster_2304,10
Cluster_2305,1
Cluster_2306,2
Cluster_2307,82
Cluster_2308,2
Cluster_2309,4
Cluster_231,48
Cluster_2310,1
Cluster_2311,2
Cluster_2312,30
Cluster_2313,3
Cluster_2314,1
Cluster_2315,36
Cluster_2316,18
Cluster_2317,2
Cluster_2318,1
Cluster_2319,1
Cluster_232,1
Cluster_2320,1
Cluster_2321,1
Cluster_2322,3
Cluster_2323,344
Cluster_2324,1
Cluster_2325,1
Cluster_2326,1
Cluster_2327,2
Cluster_2328,24
Cluster_2329,8
Cluster_233,5219
Cluster_2330,1
Cluster_2331,4
Cluster_2332,2
Cluster_2333,2
Cluster_2334,1
Cluster_2335,2
Cluster_2336,10
Cluster_2337,33
Cluster_2338,4
Cluster_2339,251
Cluster_234,26
Cluster_2340,19
Cluster_2341,134
Cluster_2342,1
Cluster_2343,1
Cluster_2344,1
Cluster_2345,1
Cluster_2346,1
Cluster_2347,7
Cluster_2348,19
Cluster_2349,7
Cluster_235,2819
Cluster_2350,1
Cluster_2351,2
Cluster_2352,2
Cluster_2353,5
Cluster_2354,1
Cluster_2355,1
Cluster_2356,1
Cluster_2357,7
Cluster_2358,2
Cluster_2359,1
Cluster_236,148
Cluster_2360,1
Cluster_2361,1
Cluster_2362,3
Cluster_2363,2
Cluster_2364,200
Cluster_2365,13
Cluster_2366,123
Cluster_2367,250
Cluster_2368,2
Cluster_2369,4
Cluster_237,514
Cluster_2370,1
Cluster_2371,1
Cluster_2372,9
Cluster_2373,4
Cluster_2374,9
Cluster_2375,7
Cluster_2376,25
Cluster_2377,1
Cluster_2378,4
Cluster_2379,1
Cluster_238,1081
Cluster_2380,1
Cluster_2381,1
Cluster_2382,2
Cluster_2383,1
Cluster_2384,24
Cluster_2385,29
Cluster_2386,8
Cluster_2387,2
Cluster_2388,3
Cluster_2389,1
Cluster_239,635
Cluster_2390,1
Cluster_2391,4
Cluster_2392,4
Cluster_2393,1
Cluster_2394,1
Cluster_2395,1
Cluster_2396,2
Cluster_2397,1
Cluster_2398,1
Cluster_2399,2
Cluster_24,856
Cluster_240,40
Cluster_2400,713
Cluster_2401,12
Cluster_2402,179
Cluster_2403,1
Cluster_2404,2
Cluster_2405,10
Cluster_2406,2
Cluster_2407,22
Cluster_2408,1
Cluster_2409,1
Cluster_241,22
Cluster_2410,1
Cluster_2411,4
Cluster_2412,4
Cluster_2413,30
Cluster_2414,1
Cluster_2415,1
Cluster_2416,5
Cluster_2417,28
Cluster_2418,1
Cluster_2419,12
Cluster_242,951
Cluster_2420,1
Cluster_2421,1
Cluster_2422,1
Cluster_2423,3
Cluster_2424,3
Cluster_2425,2
Cluster_2426,3
Cluster_2427,2
Cluster_2428,1
Cluster_2429,2
Cluster_243,5443
Cluster_2430,19
Cluster_2431,302
Cluster_2432,2
Cluster_2433,1
Cluster_2434,1
Cluster_2435,1
Cluster_2436,2
Cluster_2437,3
Cluster_2438,2
Cluster_2439,2
Cluster_244,14
Cluster_2440,2
Cluster_2441,1
Cluster_2442,3
Cluster_2443,20
Cluster_2444,1
Cluster_2445,1
Cluster_2446,1
Cluster_2447,9
Cluster_2448,30
Cluster_2449,1
Cluster_245,7
Cluster_2450,1
Cluster_2451,1
Cluster_2452,1
Cluster_2453,3
Cluster_2454,3
Cluster_2455,1
Cluster_2456,1
Cluster_2457,3
Cluster_2458,2
Cluster_2459,2
Cluster_246,6398
Cluster_2460,2
Cluster_2461,2
Cluster_2462,1
Cluster_2463,3
Cluster_2464,5
Cluster_2465,1
Cluster_2466,42
Cluster_2467,3
Cluster_2468,1
Cluster_2469,4
Cluster_247,1
Cluster_2470,11
Cluster_2471,9
Cluster_2472,8
Cluster_2473,6
Cluster_2474,2
Cluster_2475,6
Cluster_2476,3
Cluster_2477,1
Cluster_2478,15
Cluster_2479,1
Cluster_248,391
Cluster_2480,2
Cluster_2481,2
Cluster_2482,1
Cluster_2483,10
Cluster_2484,1
Cluster_2485,1
Cluster_2486,9
Cluster_2487,1
Cluster_2488,2
Cluster_2489,3
Cluster_249,1848
Cluster_2490,1
Cluster_2491,26
Cluster_2492,2
Cluster_2493,2
Cluster_2494,2
Cluster_2495,10
Cluster_2496,28
Cluster_2497,1
Cluster_2498,1
Cluster_2499,5
Cluster_25,1
Cluster_250,12
Cluster_2500,34
Cluster_2501,150
Cluster_2502,2
Cluster_2503,4
Cluster_2504,2
Cluster_2505,1
Cluster_2506,67
Cluster_2507,1
Cluster_2508,4
Cluster_2509,10
Cluster_251,145
Cluster_2510,1
Cluster_2511,1
Cluster_2512,2
Cluster_2513,1
Cluster_2514,2
Cluster_2515,1
Cluster_2516,1
Cluster_2517,2
Cluster_2518,1
Cluster_2519,1
Cluster_252,1
Cluster_2520,1
Cluster_2521,1
Cluster_2522,1
Cluster_2523,1
Cluster_2524,4
Cluster_2525,2
Cluster_2526,45
Cluster_2527,1
Cluster_2528,7
Cluster_2529,3
Cluster_253,5
Cluster_2530,1
Cluster_2531,2
Cluster_2532,2
Cluster_2533,2
Cluster_2534,1
Cluster_2535,2
Cluster_2536,20
Cluster_2537,1
Cluster_2538,1
Cluster_2539,2
Cluster_254,14
Cluster_2540,2
Cluster_2541,61
Cluster_2542,5
Cluster_2543,66
Cluster_2544,10
Cluster_2545,23
Cluster_2546,2
Cluster_2547,2
Cluster_2548,1
Cluster_2549,21
Cluster_255,39
Cluster_2550,13
Cluster_2551,8
Cluster_2552,6
Cluster_2553,2
Cluster_2554,2
Cluster_2555,1
Cluster_2556,1
Cluster_2557,6
Cluster_2558,1
Cluster_2559,3
Cluster_256,47
Cluster_2560,180
Cluster_2561,27
Cluster_2562,5
Cluster_2563,24
Cluster_2564,1
Cluster_2565,1
Cluster_2566,1
Cluster_2567,1
Cluster_2568,1
Cluster_2569,1
Cluster_257,2
Cluster_2570,285
Cluster_2571,11
Cluster_2572,2
Cluster_2573,1
Cluster_2574,1
Cluster_2575,2
Cluster_2576,17
Cluster_2577,5
Cluster_2578,1
Cluster_2579,8
Cluster_258,1
Cluster_2580,1
Cluster_2581,2
Cluster_2582,2
Cluster_2583,5
Cluster_2584,60
Cluster_2585,156
Cluster_2586,2
Cluster_2587,1
Cluster_2588,1
Cluster_2589,59
Cluster_259,989
Cluster_2590,2
Cluster_2591,4
Cluster_2592,1
Cluster_2593,1
Cluster_2594,21
Cluster_2595,1
Cluster_2596,1
Cluster_2597,2
Cluster_2598,1
Cluster_2599,1
Cluster_26,57
Cluster_260,24
Cluster_2600,1
Cluster_2601,1
Cluster_2602,1
Cluster_2603,1
Cluster_2604,1
Cluster_2605,1
Cluster_2606,1
Cluster_2607,1
Cluster_2608,1
Cluster_2609,1
Cluster_261,197
Cluster_2610,1
Cluster_2611,1
Cluster_2612,1
Cluster_2613,1
Cluster_2614,1
Cluster_2615,2
Cluster_2616,1
Cluster_2617,2
Cluster_2618,1
Cluster_2619,1
Cluster_262,34
Cluster_2620,1
Cluster_2621,1
Cluster_2622,1
Cluster_2623,1
Cluster_2624,1
Cluster_2625,1
Cluster_2626,1
Cluster_2627,1
Cluster_2628,1
Cluster_2629,1
Cluster_263,45
Cluster_2630,1
Cluster_2631,1
Cluster_2632,1
Cluster_2633,1
Cluster_2634,1
Cluster_2635,1
Cluster_2636,3
Cluster_2637,3
Cluster_2638,3
Cluster_2639,1
Cluster_264,251
Cluster_2640,1
Cluster_2641,4
Cluster_2642,1
Cluster_2643,1
Cluster_2644,1
Cluster_2645,1
Cluster_2646,3
Cluster_2647,5
Cluster_2648,1
Cluster_2649,4
Cluster_265,655
Cluster_2650,1
Cluster_2651,1
Cluster_2652,1
Cluster_2653,1
Cluster_2654,1
Cluster_2655,1
Cluster_2656,1
Cluster_2657,1
Cluster_2658,1
Cluster_2659,1
Cluster_266,1
Cluster_2660,1
Cluster_2661,1
Cluster_2662,1
Cluster_2663,1
Cluster_2664,1
Cluster_2665,1
Cluster_2666,1
Cluster_2667,1
Cluster_2668,1
Cluster_2669,1
Cluster_267,861
Cluster_2670,1
Cluster_2671,1
Cluster_2672,1
Cluster_2673,1
Cluster_2674,1
Cluster_2675,1
Cluster_2676,1
Cluster_2677,1
Cluster_2678,1
Cluster_2679,1
Cluster_268,265
Cluster_2680,1
Cluster_2681,2
Cluster_2682,1
Cluster_2683,2
Cluster_2684,1
Cluster_2685,1
Cluster_2686,1
Cluster_2687,1
Cluster_2688,1
Cluster_2689,1
Cluster_269,2008
Cluster_2690,1
Cluster_2691,1
Cluster_2692,1
Cluster_2693,1
Cluster_2694,1
Cluster_2695,1
Cluster_2696,8
Cluster_2697,3
Cluster_2698,1
Cluster_2699,2
Cluster_27,1
Cluster_270,1
Cluster_2700,4
Cluster_2701,1
Cluster_2702,1
Cluster_2703,1
Cluster_2704,3
Cluster_2705,1
Cluster_2706,1
Cluster_2707,1
Cluster_2708,1
Cluster_2709,1
Cluster_271,4
Cluster_2710,1
Cluster_2711,1
Cluster_2712,1
Cluster_2713,1
Cluster_2714,1
Cluster_2715,1
Cluster_2716,1
Cluster_2717,4
Cluster_2718,1
Cluster_2719,1
Cluster_272,59
Cluster_2720,1
Cluster_2721,1
Cluster_2722,1
Cluster_2723,1
Cluster_2724,4
Cluster_2725,3
Cluster_2726,12
Cluster_2727,57
Cluster_2728,3
Cluster_2729,1
Cluster_273,161
Cluster_2730,2
Cluster_2731,2
Cluster_2732,1
Cluster_2733,2
Cluster_2734,1
Cluster_2735,3
Cluster_2736,1
Cluster_2737,1
Cluster_2738,12
Cluster_2739,1
Cluster_274,4
Cluster_2740,1
Cluster_2741,1
Cluster_2742,1
Cluster_2743,2
Cluster_2744,3
Cluster_2745,1
Cluster_2746,1
Cluster_2747,1
Cluster_2748,5
Cluster_2749,1
Cluster_275,10
Cluster_2750,1
Cluster_2751,1
Cluster_2752,2
Cluster_2753,3
Cluster_2754,1
Cluster_2755,2
Cluster_2756,3
Cluster_2757,20
Cluster_2758,4
Cluster_2759,1
Cluster_276,1
Cluster_2760,2
Cluster_2761,1
Cluster_2762,4
Cluster_2763,25
Cluster_2764,2
Cluster_2765,3
Cluster_2766,1
Cluster_2767,6
Cluster_2768,1
Cluster_2769,1
Cluster_277,17
Cluster_2770,9
Cluster_2771,9
Cluster_2772,273
Cluster_2773,2
Cluster_2774,3
Cluster_2775,24
Cluster_2776,1
Cluster_2777,1
Cluster_2778,1
Cluster_2779,7
Cluster_278,77
Cluster_2780,154
Cluster_2781,1
Cluster_2782,1
Cluster_2783,1
Cluster_2784,1
Cluster_2785,1
Cluster_2786,1
Cluster_2787,5
Cluster_2788,14
Cluster_2789,10
Cluster_279,18
Cluster_2790,1
Cluster_2791,3
Cluster_2792,4
Cluster_2793,1
Cluster_2794,3
Cluster_2795,57
Cluster_2796,2
Cluster_2797,13
Cluster_2798,2
Cluster_2799,3
Cluster_28,125
Cluster_280,10
Cluster_2800,4
Cluster_2801,1
Cluster_2802,1
Cluster_2803,1
Cluster_2804,1
Cluster_2805,2
Cluster_2806,2
Cluster_2807,10
Cluster_2808,1
Cluster_2809,5
Cluster_281,305
Cluster_2810,1
Cluster_2811,5
Cluster_2812,31
Cluster_2813,4
Cluster_2814,3
Cluster_2815,1
Cluster_2816,20
Cluster_2817,9
Cluster_2818,2
Cluster_2819,2
Cluster_282,769
Cluster_2820,7
Cluster_2821,2
Cluster_2822,5
Cluster_2823,1
Cluster_2824,2
Cluster_2825,2
Cluster_2826,2
Cluster_2827,47
Cluster_2828,2
Cluster_2829,1
Cluster_283,302
Cluster_2830,2
Cluster_2831,2
Cluster_2832,1
Cluster_2833,7
Cluster_2834,11
Cluster_2835,1
Cluster_2836,6
Cluster_2837,2
Cluster_2838,2
Cluster_2839,1
Cluster_284,1456
Cluster_2840,1
Cluster_2841,2
Cluster_2842,4
Cluster_2843,2
Cluster_2844,2
Cluster_2845,5
Cluster_2846,2
Cluster_2847,1
Cluster_2848,7
Cluster_2849,1
Cluster_285,81
Cluster_2850,1
Cluster_2851,3
Cluster_2852,1
Cluster_2853,5
Cluster_2854,24
Cluster_2855,1
Cluster_2856,1
Cluster_2857,1
Cluster_2858,1
Cluster_2859,302
Cluster_286,112
Cluster_2860,647
Cluster_2861,3
Cluster_2862,4
Cluster_2863,39
Cluster_2864,1
Cluster_2865,3
Cluster_2866,3
Cluster_2867,15
Cluster_2868,4
Cluster_2869,4
Cluster_287,13
Cluster_2870,1
Cluster_2871,2
Cluster_2872,6
Cluster_2873,1
Cluster_2874,1
Cluster_2875,1
Cluster_2876,1
Cluster_2877,6
Cluster_2878,1
Cluster_2879,1
Cluster_288,1
Cluster_2880,1
Cluster_2881,2
Cluster_2882,1
Cluster_2883,1
Cluster_2884,39
Cluster_2885,11
Cluster_2886,4
Cluster_2887,1
Cluster_2888,9
Cluster_2889,75
Cluster_289,2
Cluster_2890,1
Cluster_2891,2
Cluster_2892,4
Cluster_2893,35
Cluster_2894,1
Cluster_2895,2
Cluster_2896,1
Cluster_2897,5
Cluster_2898,71
Cluster_2899,2
Cluster_29,52
Cluster_290,1
Cluster_2900,11
Cluster_2901,2
Cluster_2902,1
Cluster_2903,1
Cluster_2904,1
Cluster_2905,1
Cluster_2906,1
Cluster_2907,25
Cluster_2908,16
Cluster_2909,2
Cluster_291,3
Cluster_2910,1
Cluster_2911,1
Cluster_2912,1
Cluster_2913,1
Cluster_2914,1
Cluster_2915,1
Cluster_2916,1
Cluster_2917,2
Cluster_2918,2
Cluster_2919,28
Cluster_292,6
Cluster_2920,5
Cluster_2921,1
Cluster_2922,3
Cluster_2923,239
Cluster_2924,229
Cluster_2925,4
Cluster_2926,23
Cluster_2927,15
Cluster_2928,26
Cluster_2929,1
Cluster_293,3
Cluster_2930,1
Cluster_2931,1
Cluster_2932,48
Cluster_2933,12
Cluster_2934,2
Cluster_2935,2
Cluster_2936,1
Cluster_2937,5
Cluster_2938,1
Cluster_2939,1
Cluster_294,1
Cluster_2940,4
Cluster_2941,59
Cluster_2942,4
Cluster_2943,251
Cluster_2944,2
Cluster_2945,3
Cluster_2946,2
Cluster_2947,18
Cluster_2948,3
Cluster_2949,1
Cluster_295,145
Cluster_2950,1
Cluster_2951,8
Cluster_2952,1
Cluster_2953,4
Cluster_2954,6
Cluster_2955,3
Cluster_2956,1
Cluster_2957,5
Cluster_2958,1
Cluster_2959,1
Cluster_296,214
Cluster_2960,1
Cluster_2961,4
Cluster_2962,36
Cluster_2963,9
Cluster_2964,3
Cluster_2965,17
Cluster_2966,29
Cluster_2967,3
Cluster_2968,1
Cluster_2969,1
Cluster_297,1
Cluster_2970,1
Cluster_2971,1
Cluster_2972,1
Cluster_2973,1
Cluster_2974,699
Cluster_2975,1
Cluster_2976,962
Cluster_2977,31
Cluster_2978,251
Cluster_2979,2
Cluster_298,1778
Cluster_2980,13
Cluster_2981,1
Cluster_2982,1
Cluster_2983,2
Cluster_2984,1
Cluster_2985,11
Cluster_2986,12
Cluster_2987,1
Cluster_2988,1
Cluster_2989,1
Cluster_299,1
Cluster_2990,102
Cluster_2991,38
Cluster_2992,297
Cluster_2993,1
Cluster_2994,1
Cluster_2995,1
Cluster_2996,79
Cluster_2997,19
Cluster_2998,1
Cluster_2999,2
Cluster_3,1
Cluster_30,444
Cluster_300,1
Cluster_3000,1
Cluster_3001,1
Cluster_3002,1
Cluster_3003,1
Cluster_3004,1
Cluster_3005,7
Cluster_3006,145
Cluster_3007,2
Cluster_3008,3
Cluster_3009,1
Cluster_301,18
Cluster_3010,4
Cluster_3011,1
Cluster_3012,5
Cluster_3013,6
Cluster_3014,3
Cluster_3015,1
Cluster_3016,3
Cluster_3017,7
Cluster_3018,67
Cluster_3019,1
Cluster_302,50
Cluster_3020,1
Cluster_3021,1
Cluster_3022,1
Cluster_3023,1
Cluster_3024,490
Cluster_3025,2
Cluster_3026,5
Cluster_3027,2
Cluster_3028,1
Cluster_3029,3
Cluster_303,311
Cluster_3030,22
Cluster_3031,3
Cluster_3032,1
Cluster_3033,1
Cluster_3034,1
Cluster_3035,1
Cluster_3036,2
Cluster_3037,3
Cluster_3038,1
Cluster_3039,1
Cluster_304,6
Cluster_3040,348
Cluster_3041,1479
Cluster_3042,1
Cluster_3043,1
Cluster_3044,7
Cluster_3045,1
Cluster_3046,2
Cluster_3047,1
Cluster_3048,1
Cluster_3049,1
Cluster_305,76
Cluster_3050,30
Cluster_3051,11
Cluster_3052,1
Cluster_3053,9
Cluster_3054,10
Cluster_3055,2
Cluster_3056,16
Cluster_3057,6
Cluster_3058,4
Cluster_3059,1
Cluster_306,1
Cluster_3060,1
Cluster_3061,1
Cluster_3062,1
Cluster_3063,89
Cluster_3064,6
Cluster_3065,11
Cluster_3066,5
Cluster_3067,3
Cluster_3068,7
Cluster_3069,1
Cluster_307,4
Cluster_3070,6
Cluster_3071,160
Cluster_3072,81
Cluster_3073,91
Cluster_3074,2
Cluster_3075,1
Cluster_3076,1
Cluster_3077,1
Cluster_3078,2
Cluster_3079,1
Cluster_308,360
Cluster_3080,1
Cluster_3081,1
Cluster_3082,1
Cluster_3083,436
Cluster_3084,1
Cluster_3085,1
Cluster_3086,1
Cluster_3087,1
Cluster_3088,3
Cluster_3089,2
Cluster_309,3225
Cluster_3090,2
Cluster_3091,2
Cluster_3092,1
Cluster_3093,2
Cluster_3094,1
Cluster_3095,1
Cluster_3096,5
Cluster_3097,2
Cluster_3098,5
Cluster_3099,1
Cluster_31,9
Cluster_310,5
Cluster_3100,2
Cluster_3101,1
Cluster_3102,41
Cluster_3103,3
Cluster_3104,109
Cluster_3105,1
Cluster_3106,3
Cluster_3107,3
Cluster_3108,7
Cluster_3109,1
Cluster_311,133
Cluster_3110,2
Cluster_3111,1
Cluster_3112,1
Cluster_3113,4
Cluster_3114,2
Cluster_3115,23
Cluster_3116,1
Cluster_3117,1
Cluster_3118,1
Cluster_3119,4
Cluster_312,21
Cluster_3120,4
Cluster_3121,2
Cluster_3122,1
Cluster_3123,2
Cluster_3124,6
Cluster_3125,6
Cluster_3126,1
Cluster_3127,1
Cluster_3128,4
Cluster_3129,17
Cluster_313,5
Cluster_3130,4
Cluster_3131,1
Cluster_3132,89
Cluster_3133,2
Cluster_3134,3
Cluster_3135,9
Cluster_3136,12
Cluster_3137,4
Cluster_3138,3
Cluster_3139,9
Cluster_314,9
Cluster_3140,282
Cluster_3141,24
Cluster_3142,4
Cluster_3143,3
Cluster_3144,7
Cluster_3145,48
Cluster_3146,13
Cluster_3147,12
Cluster_3148,1
Cluster_3149,6
Cluster_315,7
Cluster_3150,29
Cluster_3151,2
Cluster_3152,1
Cluster_3153,1
Cluster_3154,2
Cluster_3155,2
Cluster_3156,1
Cluster_3157,886
Cluster_3158,1
Cluster_3159,2
Cluster_316,1
Cluster_3160,1
Cluster_3161,2
Cluster_3162,1
Cluster_3163,1
Cluster_3164,2
Cluster_3165,1
Cluster_3166,49
Cluster_3167,1
Cluster_3168,3
Cluster_3169,9
Cluster_317,1
Cluster_3170,4
Cluster_3171,1
Cluster_3172,1
Cluster_3173,4
Cluster_3174,5
Cluster_3175,123
Cluster_3176,187
Cluster_3177,129
Cluster_3178,1
Cluster_3179,25
Cluster_318,1
Cluster_3180,9
Cluster_3181,8
Cluster_3182,91
Cluster_3183,117
Cluster_3184,37
Cluster_3185,1
Cluster_3186,35
Cluster_3187,109
Cluster_3188,4
Cluster_3189,1
Cluster_319,2
Cluster_3190,1
Cluster_3191,1
Cluster_3192,1
Cluster_3193,1
Cluster_3194,1
Cluster_3195,14
Cluster_3196,1
Cluster_3197,1
Cluster_3198,1
Cluster_3199,1
Cluster_32,105
Cluster_320,294
Cluster_3200,1
Cluster_3201,1
Cluster_3202,2
Cluster_3203,1
Cluster_3204,1
Cluster_3205,2
Cluster_3206,1
Cluster_3207,1
Cluster_3208,2
Cluster_3209,1
Cluster_321,1
Cluster_3210,1
Cluster_3211,1
Cluster_3212,1
Cluster_3213,1
Cluster_3214,1
Cluster_3215,1
Cluster_3216,1
Cluster_3217,1
Cluster_3218,1
Cluster_3219,1
Cluster_322,44
Cluster_3220,1
Cluster_3221,1
Cluster_3222,3
Cluster_3223,1
Cluster_3224,4
Cluster_3225,1
Cluster_3226,3
Cluster_3227,17
Cluster_3228,5
Cluster_3229,12
Cluster_323,11
Cluster_3230,23
Cluster_3231,1
Cluster_3232,1
Cluster_3233,1
Cluster_3234,5
Cluster_3235,1
Cluster_3236,1
Cluster_3237,1
Cluster_3238,1
Cluster_3239,21
Cluster_324,1
Cluster_3240,3
Cluster_3241,1
Cluster_3242,1
Cluster_3243,1
Cluster_3244,1
Cluster_3245,1
Cluster_3246,5
Cluster_3247,3
Cluster_3248,1
Cluster_3249,4
Cluster_325,10
Cluster_3250,1
Cluster_3251,2
Cluster_3252,1
Cluster_3253,1
Cluster_3254,29
Cluster_3255,1
Cluster_3256,7
Cluster_3257,2
Cluster_3258,1
Cluster_3259,3180
Cluster_326,19
Cluster_3260,1
Cluster_3261,1
Cluster_3262,1
Cluster_3263,2
Cluster_3264,1
Cluster_3265,1
Cluster_3266,1
Cluster_3267,28
Cluster_3268,11
Cluster_3269,10
Cluster_327,21
Cluster_3270,2
Cluster_3271,1
Cluster_3272,1
Cluster_3273,1
Cluster_3274,2
Cluster_3275,126
Cluster_3276,82
Cluster_3277,46
Cluster_3278,1
Cluster_3279,2
Cluster_328,376
Cluster_3280,19
Cluster_3281,8
Cluster_3282,6
Cluster_3283,27
Cluster_3284,1
Cluster_3285,7
Cluster_3286,2
Cluster_3287,1
Cluster_3288,8
Cluster_3289,1
Cluster_329,621
Cluster_3290,3
Cluster_3291,7
Cluster_3292,351
Cluster_3293,2
Cluster_3294,3
Cluster_3295,3
Cluster_3296,1
Cluster_3297,6
Cluster_3298,3
Cluster_3299,1
Cluster_33,1884
Cluster_330,2
Cluster_3300,1
Cluster_3301,9
Cluster_3302,3
Cluster_3303,4
Cluster_3304,9
Cluster_3305,2
Cluster_3306,2
Cluster_3307,2
Cluster_3308,5
Cluster_3309,5
Cluster_331,1
Cluster_3310,1
Cluster_3311,1
Cluster_3312,3
Cluster_3313,2
Cluster_3314,6
Cluster_3315,6
Cluster_3316,27
Cluster_3317,4
Cluster_3318,3
Cluster_3319,1
Cluster_332,2
Cluster_3320,1
Cluster_3321,1
Cluster_3322,2
Cluster_3323,24
Cluster_3324,11
Cluster_3325,1
Cluster_3326,2
Cluster_3327,4
Cluster_3328,18
Cluster_3329,1
Cluster_333,52
Cluster_3330,4
Cluster_3331,2
Cluster_3332,2
Cluster_3333,6
Cluster_3334,1
Cluster_3335,2
Cluster_3336,1
Cluster_3337,24
Cluster_3338,16
Cluster_3339,6
Cluster_334,26
Cluster_3340,1
Cluster_3341,715
Cluster_3342,14
Cluster_3343,1
Cluster_3344,1
Cluster_3345,1
Cluster_3346,13
Cluster_3347,237
Cluster_3348,1
Cluster_3349,1
Cluster_335,13
Cluster_3350,1
Cluster_3351,1
Cluster_3352,52
Cluster_3353,2
Cluster_3354,1
Cluster_3355,1
Cluster_3356,1
Cluster_3357,37
Cluster_3358,1
Cluster_3359,4
Cluster_336,56
Cluster_3360,6
Cluster_3361,1
Cluster_3362,1
Cluster_3363,1
Cluster_3364,6
Cluster_3365,2
Cluster_3366,1
Cluster_3367,1
Cluster_3368,2
Cluster_3369,1
Cluster_337,2
Cluster_3370,4
Cluster_3371,13
Cluster_3372,7
Cluster_3373,5
Cluster_3374,21
Cluster_3375,2
Cluster_3376,4
Cluster_3377,94
Cluster_3378,1
Cluster_3379,1
Cluster_338,1
Cluster_3380,1
Cluster_3381,3
Cluster_3382,2
Cluster_3383,1
Cluster_3384,1
Cluster_3385,23
Cluster_3386,7
Cluster_3387,2
Cluster_3388,4
Cluster_3389,3
Cluster_339,1723
Cluster_3390,5
Cluster_3391,1
Cluster_3392,4
Cluster_3393,94
Cluster_3394,41
Cluster_3395,14
Cluster_3396,3
Cluster_3397,46
Cluster_3398,1
Cluster_3399,30
Cluster_34,2
Cluster_340,35
Cluster_3400,1
Cluster_3401,9
Cluster_3402,4
Cluster_3403,81
Cluster_3404,2
Cluster_3405,3
Cluster_3406,9
Cluster_3407,1
Cluster_3408,1
Cluster_3409,6
Cluster_341,8
Cluster_3410,3
Cluster_3411,1
Cluster_3412,1
Cluster_3413,1
Cluster_3414,1
Cluster_3415,3
Cluster_3416,2
Cluster_3417,1
Cluster_3418,10
Cluster_3419,1
Cluster_342,4
Cluster_3420,1
Cluster_3421,1
Cluster_3422,1
Cluster_3423,1
Cluster_3424,2
Cluster_3425,5
Cluster_3426,3
Cluster_3427,6
Cluster_3428,1
Cluster_3429,3
Cluster_343,1569
Cluster_3430,3
Cluster_3431,15
Cluster_3432,2
Cluster_3433,6
Cluster_3434,75
Cluster_3435,356
Cluster_3436,1
Cluster_3437,1
Cluster_3438,2
Cluster_3439,1
Cluster_344,1
Cluster_3440,1
Cluster_3441,1
Cluster_3442,3
Cluster_3443,3
Cluster_3444,1
Cluster_3445,1
Cluster_3446,1
Cluster_3447,1
Cluster_3448,5
Cluster_3449,37
Cluster_345,2
Cluster_3450,7
Cluster_3451,3
Cluster_3452,48
Cluster_3453,9
Cluster_3454,29
Cluster_3455,12
Cluster_3456,25
Cluster_3457,34
Cluster_3458,11
Cluster_3459,105
Cluster_346,1
Cluster_3460,5
Cluster_3461,197
Cluster_3462,2
Cluster_3463,4
Cluster_3464,1
Cluster_3465,1
Cluster_3466,4
Cluster_3467,5
Cluster_3468,13
Cluster_3469,13
Cluster_347,57
Cluster_3470,7
Cluster_3471,1
Cluster_3472,24
Cluster_3473,4
Cluster_3474,1
Cluster_3475,39
Cluster_3476,2
Cluster_3477,2
Cluster_3478,1
Cluster_3479,1
Cluster_348,4
Cluster_3480,1
Cluster_3481,20
Cluster_3482,2
Cluster_3483,34
Cluster_3484,1
Cluster_3485,6
Cluster_3486,10
Cluster_3487,3
Cluster_3488,7
Cluster_3489,1
Cluster_349,1
Cluster_3490,1
Cluster_3491,1
Cluster_3492,9
Cluster_3493,1
Cluster_3494,17
Cluster_3495,4
Cluster_3496,1
Cluster_3497,1
Cluster_3498,7
Cluster_3499,1
Cluster_35,2
Cluster_350,22
Cluster_3500,4
Cluster_3501,7
Cluster_3502,1
Cluster_3503,4
Cluster_3504,1
Cluster_3505,1
Cluster_3506,1
Cluster_3507,5
Cluster_3508,1
Cluster_3509,15
Cluster_351,8
Cluster_3510,1
Cluster_3511,2
Cluster_3512,9
Cluster_3513,61
Cluster_3514,640
Cluster_3515,1
Cluster_3516,1
Cluster_3517,36
Cluster_3518,1
Cluster_3519,4
Cluster_352,50
Cluster_3520,1
Cluster_3521,1
Cluster_3522,1
Cluster_3523,1
Cluster_3524,1
Cluster_3525,1
Cluster_3526,1
Cluster_3527,2
Cluster_3528,1
Cluster_3529,1
Cluster_353,139
Cluster_3530,1
Cluster_3531,1
Cluster_3532,44
Cluster_3533,1
Cluster_3534,1
Cluster_3535,2
Cluster_3536,27
Cluster_3537,38
Cluster_3538,24
Cluster_3539,2
Cluster_354,2
Cluster_3540,86
Cluster_3541,107
Cluster_3542,2
Cluster_3543,3
Cluster_3544,2
Cluster_3545,23
Cluster_3546,7
Cluster_3547,1
Cluster_3548,45
Cluster_3549,1
Cluster_355,1
Cluster_3550,6
Cluster_3551,1
Cluster_3552,1
Cluster_3553,2
Cluster_3554,2
Cluster_3555,14
Cluster_3556,1
Cluster_3557,10
Cluster_3558,2
Cluster_3559,7
Cluster_356,6
Cluster_3560,1
Cluster_3561,3
Cluster_3562,6
Cluster_3563,7
Cluster_3564,1
Cluster_3565,2
Cluster_3566,1
Cluster_3567,2
Cluster_3568,1
Cluster_3569,1
Cluster_357,1583
Cluster_3570,3
Cluster_3571,1
Cluster_3572,1
Cluster_3573,1
Cluster_3574,1
Cluster_3575,3
Cluster_3576,1
Cluster_3577,1
Cluster_3578,1
Cluster_3579,1
Cluster_358,16
Cluster_3580,68
Cluster_3581,43
Cluster_3582,3
Cluster_3583,16
Cluster_3584,41
Cluster_3585,164
Cluster_3586,37
Cluster_3587,1
Cluster_3588,1
Cluster_3589,1
Cluster_359,182
Cluster_3590,1
Cluster_3591,35
Cluster_3592,4
Cluster_3593,650
Cluster_3594,1295
Cluster_3595,286
Cluster_3596,111
Cluster_3597,5
Cluster_3598,1
Cluster_3599,8
Cluster_36,669
Cluster_360,2
Cluster_3600,2
Cluster_3601,1
Cluster_3602,6
Cluster_3603,1
Cluster_3604,1
Cluster_3605,28
Cluster_3606,46
Cluster_3607,37
Cluster_3608,3
Cluster_3609,15
Cluster_361,4
Cluster_3610,2
Cluster_3611,7
Cluster_3612,1
Cluster_3613,1
Cluster_3614,1
Cluster_3615,2
Cluster_3616,1
Cluster_3617,1
Cluster_3618,2
Cluster_3619,3
Cluster_362,376
Cluster_3620,1
Cluster_3621,1
Cluster_3622,1
Cluster_3623,1
Cluster_3624,1
Cluster_3625,3
Cluster_3626,3
Cluster_3627,6
Cluster_3628,108
Cluster_3629,1
Cluster_363,118
Cluster_3630,21
Cluster_3631,45
Cluster_3632,4
Cluster_3633,152
Cluster_3634,21
Cluster_3635,2
Cluster_3636,9
Cluster_3637,3
Cluster_3638,342
Cluster_3639,150
Cluster_364,50
Cluster_3640,4
Cluster_3641,73
Cluster_3642,7
Cluster_3643,29
Cluster_3644,40
Cluster_3645,117
Cluster_3646,1113
Cluster_3647,664
Cluster_3648,374
Cluster_3649,645
Cluster_365,2
Cluster_3650,7
Cluster_3651,5
Cluster_3652,40
Cluster_3653,1
Cluster_3654,190
Cluster_3655,1
Cluster_3656,2
Cluster_3657,1
Cluster_3658,1
Cluster_3659,24
Cluster_366,1
Cluster_3660,1
Cluster_3661,64
Cluster_3662,4
Cluster_3663,1
Cluster_3664,2
Cluster_3665,1
Cluster_3666,4
Cluster_3667,1
Cluster_3668,3
Cluster_3669,6
Cluster_367,152
Cluster_3670,3
Cluster_3671,4
Cluster_3672,1
Cluster_3673,1
Cluster_3674,1
Cluster_3675,2
Cluster_3676,1
Cluster_3677,2
Cluster_3678,1
Cluster_3679,7
Cluster_368,50
Cluster_3680,3
Cluster_3681,16
Cluster_3682,1
Cluster_3683,44
Cluster_3684,3
Cluster_3685,22
Cluster_3686,6
Cluster_3687,6
Cluster_3688,2
Cluster_3689,5
Cluster_369,1757
Cluster_3690,35
Cluster_3691,94
Cluster_3692,6
Cluster_3693,1
Cluster_3694,1
Cluster_3695,1
Cluster_3696,21
Cluster_3697,1
Cluster_3698,1
Cluster_3699,1
Cluster_37,104
Cluster_370,1
Cluster_3700,2
Cluster_3701,1
Cluster_3702,1
Cluster_3703,1
Cluster_3704,1
Cluster_3705,1
Cluster_3706,5
Cluster_3707,2
Cluster_3708,5
Cluster_3709,2
Cluster_371,7
Cluster_3710,2011
Cluster_3711,11
Cluster_3712,4
Cluster_3713,1
Cluster_3714,1
Cluster_3715,1
Cluster_3716,1
Cluster_3717,8
Cluster_3718,22
Cluster_3719,1
Cluster_372,132
Cluster_3720,1
Cluster_3721,1
Cluster_3722,9
Cluster_3723,1
Cluster_3724,23
Cluster_3725,8
Cluster_3726,1
Cluster_3727,4
Cluster_3728,4
Cluster_3729,4
Cluster_373,196
Cluster_3730,28
Cluster_3731,1
Cluster_3732,1
Cluster_3733,2
Cluster_3734,35
Cluster_3735,31
Cluster_3736,1
Cluster_3737,1
Cluster_3738,2
Cluster_3739,1
Cluster_374,6
Cluster_3740,6
Cluster_3741,2
Cluster_3742,2
Cluster_3743,53
Cluster_3744,1
Cluster_3745,2
Cluster_3746,1
Cluster_3747,23
Cluster_3748,12
Cluster_3749,1
Cluster_375,4
Cluster_3750,1
Cluster_3751,1
Cluster_3752,1
Cluster_3753,3
Cluster_3754,1
Cluster_3755,36
Cluster_3756,21
Cluster_3757,4
Cluster_3758,2
Cluster_3759,25
Cluster_376,1
Cluster_3760,2
Cluster_3761,4
Cluster_3762,1
Cluster_3763,6
Cluster_3764,6
Cluster_3765,48
Cluster_3766,4
Cluster_3767,1
Cluster_3768,1
Cluster_3769,3
Cluster_377,485
Cluster_3770,5
Cluster_3771,1
Cluster_3772,17
Cluster_3773,41
Cluster_3774,2
Cluster_3775,1
Cluster_3776,3
Cluster_3777,7
Cluster_3778,1
Cluster_3779,1
Cluster_378,4
Cluster_3780,1
Cluster_3781,3
Cluster_3782,2
Cluster_3783,7
Cluster_3784,3
Cluster_3785,1
Cluster_3786,1
Cluster_3787,2
Cluster_3788,2
Cluster_3789,4
Cluster_379,38
Cluster_3790,6
Cluster_3791,1
Cluster_3792,1
Cluster_3793,17
Cluster_3794,4
Cluster_3795,1
Cluster_3796,75
Cluster_3797,3
Cluster_3798,1
Cluster_3799,1
Cluster_38,21
Cluster_380,118
Cluster_3800,1
Cluster_3801,1
Cluster_3802,1
Cluster_3803,2
Cluster_3804,168
Cluster_3805,23
Cluster_3806,80
Cluster_3807,2
Cluster_3808,100
Cluster_3809,1
Cluster_381,140
Cluster_3810,2
Cluster_3811,57
Cluster_3812,1
Cluster_3813,16
Cluster_3814,6
Cluster_3815,153
Cluster_3816,1
Cluster_3817,1
Cluster_3818,2
Cluster_3819,1
Cluster_382,798
Cluster_3820,1
Cluster_3821,6
Cluster_3822,12
Cluster_3823,9
Cluster_3824,1
Cluster_3825,1
Cluster_3826,8
Cluster_3827,2
Cluster_3828,3
Cluster_3829,6
Cluster_383,127
Cluster_3830,1
Cluster_3831,2
Cluster_3832,9
Cluster_3833,3
Cluster_3834,2
Cluster_3835,10
Cluster_3836,18
Cluster_3837,6
Cluster_3838,2
Cluster_3839,1
Cluster_384,537
Cluster_3840,39
Cluster_3841,1
Cluster_3842,2
Cluster_3843,1
Cluster_3844,1
Cluster_3845,1
Cluster_3846,1
Cluster_3847,1
Cluster_3848,26
Cluster_3849,10
Cluster_385,76
Cluster_3850,15
Cluster_3851,2
Cluster_3852,14
Cluster_3853,2
Cluster_3854,6
Cluster_3855,47
Cluster_3856,2
Cluster_3857,9
Cluster_3858,7
Cluster_3859,1
Cluster_386,3
Cluster_3860,3
Cluster_3861,1
Cluster_3862,1
Cluster_3863,2
Cluster_3864,1
Cluster_3865,2
Cluster_3866,1
Cluster_3867,63
Cluster_3868,2
Cluster_3869,4
Cluster_387,91
Cluster_3870,9
Cluster_3871,19
Cluster_3872,3
Cluster_3873,1
Cluster_3874,3
Cluster_3875,1
Cluster_3876,3
Cluster_3877,1
Cluster_3878,1
Cluster_3879,4
Cluster_388,2445
Cluster_3880,1
Cluster_3881,2
Cluster_3882,4
Cluster_3883,7
Cluster_3884,7
Cluster_3885,2
Cluster_3886,1
Cluster_3887,16
Cluster_3888,57
Cluster_3889,2
Cluster_389,1658
Cluster_3890,1
Cluster_3891,56
Cluster_3892,4
Cluster_3893,1
Cluster_3894,1
Cluster_3895,1
Cluster_3896,1
Cluster_3897,6
Cluster_3898,19
Cluster_3899,51
Cluster_39,16
Cluster_390,24
Cluster_3900,70
Cluster_3901,1
Cluster_3902,1
Cluster_3903,1
Cluster_3904,20
Cluster_3905,4
Cluster_3906,1289
Cluster_3907,1
Cluster_3908,160
Cluster_3909,396
Cluster_391,16
Cluster_3910,45
Cluster_3911,1
Cluster_3912,1
Cluster_3913,1
Cluster_3914,5
Cluster_3915,7
Cluster_3916,14
Cluster_3917,4
Cluster_3918,1
Cluster_3919,7
Cluster_392,1
Cluster_3920,10
Cluster_3921,180
Cluster_3922,44
Cluster_3923,2
Cluster_3924,19
Cluster_3925,23
Cluster_3926,42
Cluster_3927,1
Cluster_3928,3
Cluster_3929,2
Cluster_393,3
Cluster_3930,1
Cluster_3931,1
Cluster_3932,9
Cluster_3933,4
Cluster_3934,3
Cluster_3935,1
Cluster_3936,3
Cluster_3937,4
Cluster_3938,19
Cluster_3939,15
Cluster_394,1
Cluster_3940,13
Cluster_3941,2
Cluster_3942,16
Cluster_3943,25
Cluster_3944,5
Cluster_3945,3
Cluster_3946,4
Cluster_3947,2
Cluster_3948,8
Cluster_3949,2
Cluster_395,28
Cluster_3950,1
Cluster_3951,3
Cluster_3952,11
Cluster_3953,3
Cluster_3954,2
Cluster_3955,19
Cluster_3956,3
Cluster_3957,1
Cluster_3958,22
Cluster_3959,3
Cluster_396,2
Cluster_3960,4
Cluster_3961,1
Cluster_3962,204
Cluster_3963,175
Cluster_3964,696
Cluster_3965,41
Cluster_3966,103
Cluster_3967,2
Cluster_3968,52
Cluster_3969,103
Cluster_397,2
Cluster_3970,88
Cluster_3971,27
Cluster_3972,1
Cluster_3973,3
Cluster_3974,3
Cluster_3975,12
Cluster_3976,1
Cluster_3977,18
Cluster_3978,2
Cluster_3979,1
Cluster_398,2695
Cluster_3980,3
Cluster_3981,4
Cluster_3982,2
Cluster_3983,137
Cluster_3984,26
Cluster_3985,5
Cluster_3986,1
Cluster_3987,29
Cluster_3988,256
Cluster_3989,3
Cluster_399,2
Cluster_3990,8
Cluster_3991,6
Cluster_3992,25
Cluster_3993,1
Cluster_3994,1
Cluster_3995,159
Cluster_3996,2
Cluster_3997,1
Cluster_3998,4
Cluster_3999,1
Cluster_4,20
Cluster_40,67
Cluster_400,1
Cluster_4000,1
Cluster_4001,2
Cluster_4002,1
Cluster_4003,3
Cluster_4004,1
Cluster_4005,1
Cluster_4006,1
Cluster_4007,81
Cluster_4008,4
Cluster_4009,21
Cluster_401,2
Cluster_4010,6
Cluster_4011,4
Cluster_4012,5
Cluster_4013,3
Cluster_4014,22
Cluster_4015,7
Cluster_4016,2
Cluster_4017,1
Cluster_4018,319
Cluster_4019,2
Cluster_402,1
Cluster_4020,3
Cluster_4021,2
Cluster_4022,2
Cluster_4023,2
Cluster_4024,16
Cluster_4025,1
Cluster_4026,6
Cluster_4027,1
Cluster_4028,1
Cluster_4029,2
Cluster_403,118
Cluster_4030,1
Cluster_4031,3
Cluster_4032,1
Cluster_4033,1
Cluster_4034,26
Cluster_4035,3
Cluster_4036,10
Cluster_4037,21
Cluster_4038,100
Cluster_4039,2
Cluster_404,4
Cluster_4040,568
Cluster_4041,16
Cluster_4042,88
Cluster_4043,14
Cluster_4044,1
Cluster_4045,3
Cluster_4046,3
Cluster_4047,1
Cluster_4048,2
Cluster_4049,1
Cluster_405,1
Cluster_4050,1
Cluster_4051,1
Cluster_4052,1
Cluster_4053,2
Cluster_4054,5
Cluster_4055,3
Cluster_4056,4
Cluster_4057,1
Cluster_4058,2
Cluster_4059,12
Cluster_406,56
Cluster_4060,8
Cluster_4061,4
Cluster_4062,2
Cluster_4063,6
Cluster_4064,5
Cluster_4065,2
Cluster_4066,84
Cluster_4067,2
Cluster_4068,1
Cluster_4069,10
Cluster_407,6
Cluster_4070,2
Cluster_4071,101
Cluster_4072,3
Cluster_4073,1
Cluster_4074,1
Cluster_4075,1
Cluster_4076,1
Cluster_4077,7
Cluster_4078,62
Cluster_4079,1
Cluster_408,13
Cluster_4080,1
Cluster_4081,1
Cluster_4082,66
Cluster_4083,1
Cluster_4084,2
Cluster_4085,3
Cluster_4086,14
Cluster_4087,1
Cluster_4088,1
Cluster_4089,182
Cluster_409,97
Cluster_4090,8
Cluster_4091,23
Cluster_4092,32
Cluster_4093,70
Cluster_4094,1
Cluster_4095,12
Cluster_4096,1
Cluster_4097,1
Cluster_4098,4
Cluster_4099,4
Cluster_41,11
Cluster_410,1
Cluster_4100,2
Cluster_4101,1
Cluster_4102,8
Cluster_4103,4
Cluster_4104,2
Cluster_4105,5
Cluster_4106,1
Cluster_4107,2
Cluster_4108,7
Cluster_4109,1
Cluster_411,750
Cluster_4110,11
Cluster_4111,1
Cluster_4112,1
Cluster_4113,1
Cluster_4114,3
Cluster_4115,2
Cluster_4116,434
Cluster_4117,3
Cluster_4118,16
Cluster_4119,10
Cluster_412,60
Cluster_4120,1
Cluster_4121,10
Cluster_4122,6
Cluster_4123,4
Cluster_4124,2
Cluster_4125,5
Cluster_4126,1
Cluster_4127,91
Cluster_4128,2
Cluster_4129,2
Cluster_413,6193
Cluster_4130,10
Cluster_4131,1
Cluster_4132,1
Cluster_4133,9
Cluster_4134,167
Cluster_4135,9
Cluster_4136,1
Cluster_4137,1
Cluster_4138,1
Cluster_4139,4
Cluster_414,15
Cluster_4140,2
Cluster_4141,4
Cluster_4142,11
Cluster_4143,2
Cluster_4144,3
Cluster_4145,19
Cluster_4146,47
Cluster_4147,7
Cluster_4148,41
Cluster_4149,8
Cluster_415,11
Cluster_4150,3
Cluster_4151,3
Cluster_4152,1
Cluster_4153,73
Cluster_4154,1
Cluster_4155,8
Cluster_4156,5
Cluster_4157,3
Cluster_4158,1
Cluster_4159,1
Cluster_416,35
Cluster_4160,8
Cluster_4161,1
Cluster_4162,4
Cluster_4163,1
Cluster_4164,3
Cluster_4165,10
Cluster_4166,7
Cluster_4167,31
Cluster_4168,1
Cluster_4169,49
Cluster_417,2078
Cluster_4170,2
Cluster_4171,3
Cluster_4172,1
Cluster_4173,3
Cluster_4174,3
Cluster_4175,3
Cluster_4176,1
Cluster_4177,18
Cluster_4178,1
Cluster_4179,8
Cluster_418,699
Cluster_4180,9
Cluster_4181,3
Cluster_4182,24
Cluster_4183,6
Cluster_4184,1
Cluster_4185,1
Cluster_4186,2
Cluster_4187,2
Cluster_4188,1
Cluster_4189,1
Cluster_419,2436
Cluster_4190,1
Cluster_4191,1
Cluster_4192,1
Cluster_4193,2
Cluster_4194,29
Cluster_4195,3
Cluster_4196,1
Cluster_4197,6
Cluster_4198,2
Cluster_4199,13
Cluster_42,147
Cluster_420,1
Cluster_4200,1
Cluster_4201,1
Cluster_4202,6
Cluster_4203,2
Cluster_4204,26
Cluster_4205,5
Cluster_4206,27
Cluster_4207,3
Cluster_4208,8
Cluster_4209,16
Cluster_421,1
Cluster_4210,9
Cluster_4211,1
Cluster_4212,3
Cluster_4213,5
Cluster_4214,2
Cluster_4215,2
Cluster_4216,1
Cluster_4217,3
Cluster_4218,1
Cluster_4219,1
Cluster_422,75
Cluster_4220,5
Cluster_4221,31
Cluster_4222,90
Cluster_4223,6
Cluster_4224,1
Cluster_4225,1
Cluster_4226,5
Cluster_4227,1
Cluster_4228,1
Cluster_4229,4
Cluster_423,663
Cluster_4230,1
Cluster_4231,1
Cluster_4232,1
Cluster_4233,1
Cluster_4234,7
Cluster_4235,3
Cluster_4236,11
Cluster_4237,28
Cluster_4238,3
Cluster_4239,2
Cluster_424,140
Cluster_4240,1
Cluster_4241,1
Cluster_4242,1
Cluster_4243,85
Cluster_4244,4
Cluster_4245,1
Cluster_4246,45
Cluster_4247,3
Cluster_4248,1
Cluster_4249,424
Cluster_425,2
Cluster_4250,20
Cluster_4251,6
Cluster_4252,103
Cluster_4253,1
Cluster_4254,1387
Cluster_4255,10
Cluster_4256,9
Cluster_4257,2
Cluster_4258,1
Cluster_4259,1
Cluster_426,1
Cluster_4260,2
Cluster_4261,3
Cluster_4262,3
Cluster_4263,1
Cluster_4264,10
Cluster_4265,3
Cluster_4266,4
Cluster_4267,11
Cluster_4268,18
Cluster_4269,8
Cluster_427,1
Cluster_4270,1
Cluster_4271,1
Cluster_4272,1
Cluster_4273,4
Cluster_4274,2
Cluster_4275,2
Cluster_4276,1
Cluster_4277,8
Cluster_4278,10
Cluster_4279,143
Cluster_428,1
Cluster_4280,12
Cluster_4281,17
Cluster_4282,2
Cluster_4283,7
Cluster_4284,3
Cluster_4285,115
Cluster_4286,29
Cluster_4287,1
Cluster_4288,1
Cluster_4289,18
Cluster_429,792
Cluster_4290,4
Cluster_4291,27
Cluster_4292,24
Cluster_4293,134
Cluster_4294,1
Cluster_4295,1
Cluster_4296,2
Cluster_4297,3
Cluster_4298,12
Cluster_4299,5
Cluster_43,4
Cluster_430,147
Cluster_4300,1
Cluster_4301,5
Cluster_4302,2
Cluster_4303,1
Cluster_4304,2
Cluster_4305,1
Cluster_4306,19
Cluster_4307,1
Cluster_4308,11
Cluster_4309,4
Cluster_431,1
Cluster_4310,2
Cluster_4311,4
Cluster_4312,28
Cluster_4313,155
Cluster_4314,1
Cluster_4315,1
Cluster_4316,3
Cluster_4317,2
Cluster_4318,7
Cluster_4319,1
Cluster_432,1
Cluster_4320,2
Cluster_4321,1
Cluster_4322,1
Cluster_4323,19
Cluster_4324,20
Cluster_4325,8
Cluster_4326,3
Cluster_4327,11
Cluster_4328,1
Cluster_4329,1
Cluster_433,55
Cluster_4330,2
Cluster_4331,11
Cluster_4332,15
Cluster_4333,14
Cluster_4334,2
Cluster_4335,8
Cluster_4336,3
Cluster_4337,2
Cluster_4338,1
Cluster_4339,3
Cluster_434,1
Cluster_4340,9
Cluster_4341,35
Cluster_4342,11
Cluster_4343,4
Cluster_4344,1
Cluster_4345,1
Cluster_4346,27
Cluster_4347,7
Cluster_4348,1
Cluster_4349,489
Cluster_435,4
Cluster_4350,5
Cluster_4351,7
Cluster_4352,5
Cluster_4353,5
Cluster_4354,4
Cluster_4355,1
Cluster_4356,1
Cluster_4357,1
Cluster_4358,2
Cluster_4359,1
Cluster_436,19
Cluster_4360,1
Cluster_4361,1
Cluster_4362,7
Cluster_4363,35
Cluster_4364,82
Cluster_4365,273
Cluster_4366,1
Cluster_4367,1
Cluster_4368,1
Cluster_4369,5
Cluster_437,16
Cluster_4370,2
Cluster_4371,1
Cluster_4372,3
Cluster_4373,1
Cluster_4374,1
Cluster_4375,5
Cluster_4376,5
Cluster_4377,12
Cluster_4378,4
Cluster_4379,1
Cluster_438,11
Cluster_4380,3
Cluster_4381,20
Cluster_4382,1
Cluster_4383,1
Cluster_4384,2
Cluster_4385,17
Cluster_4386,1
Cluster_4387,3
Cluster_4388,1
Cluster_4389,1
Cluster_439,985
Cluster_4390,1
Cluster_4391,1
Cluster_4392,3
Cluster_4393,5
Cluster_4394,11
Cluster_4395,5
Cluster_4396,3
Cluster_4397,138
Cluster_4398,3
Cluster_4399,11
Cluster_44,31
Cluster_440,3030
Cluster_4400,4
Cluster_4401,4
Cluster_4402,3
Cluster_4403,1
Cluster_4404,1
Cluster_4405,1
Cluster_4406,1
Cluster_4407,1
Cluster_4408,2
Cluster_4409,1
Cluster_441,124
Cluster_4410,1
Cluster_4411,1
Cluster_4412,2
Cluster_4413,7
Cluster_4414,1
Cluster_4415,33
Cluster_4416,1
Cluster_4417,1
Cluster_4418,2
Cluster_4419,2
Cluster_442,7
Cluster_4420,32
Cluster_4421,7
Cluster_4422,1
Cluster_4423,3
Cluster_4424,1
Cluster_4425,17
Cluster_4426,2
Cluster_4427,1
Cluster_4428,5
Cluster_4429,2
Cluster_443,9
Cluster_4430,1
Cluster_4431,2
Cluster_4432,1
Cluster_4433,67
Cluster_4434,1
Cluster_4435,1
Cluster_4436,1
Cluster_4437,19
Cluster_4438,4
Cluster_4439,3
Cluster_444,287
Cluster_4440,2
Cluster_4441,8
Cluster_4442,2
Cluster_4443,1
Cluster_4444,2
Cluster_4445,2
Cluster_4446,1
Cluster_4447,2
Cluster_4448,4
Cluster_4449,6
Cluster_445,561
Cluster_4450,7
Cluster_4451,4
Cluster_4452,14
Cluster_4453,4
Cluster_4454,3
Cluster_4455,3
Cluster_4456,19
Cluster_4457,69
Cluster_4458,1
Cluster_4459,4
Cluster_446,105
Cluster_4460,4
Cluster_4461,12
Cluster_4462,1
Cluster_4463,4
Cluster_4464,166
Cluster_4465,1
Cluster_4466,4
Cluster_4467,2
Cluster_4468,3
Cluster_4469,7
Cluster_447,3079
Cluster_4470,2
Cluster_4471,3
Cluster_4472,3
Cluster_4473,1
Cluster_4474,3
Cluster_4475,78
Cluster_4476,2
Cluster_4477,75
Cluster_4478,1
Cluster_4479,2
Cluster_448,689
Cluster_4480,12
Cluster_4481,1
Cluster_4482,14
Cluster_4483,2
Cluster_4484,1
Cluster_4485,3
Cluster_4486,1
Cluster_4487,8
Cluster_4488,4
Cluster_4489,1
Cluster_449,8
Cluster_4490,2
Cluster_4491,21
Cluster_4492,2
Cluster_4493,14
Cluster_4494,13
Cluster_4495,1
Cluster_4496,2
Cluster_4497,7
Cluster_4498,2
Cluster_4499,12
Cluster_45,104
Cluster_450,19
Cluster_4500,6
Cluster_4501,7
Cluster_4502,4
Cluster_4503,3
Cluster_4504,1
Cluster_4505,1
Cluster_4506,1
Cluster_4507,1
Cluster_4508,1
Cluster_4509,1
Cluster_451,7
Cluster_4510,1
Cluster_4511,34
Cluster_4512,1
Cluster_4513,2
Cluster_4514,8
Cluster_4515,4
Cluster_4516,132
Cluster_4517,1
Cluster_4518,5
Cluster_4519,1
Cluster_452,2072
Cluster_4520,1
Cluster_4521,8
Cluster_4522,1
Cluster_4523,2
Cluster_4524,4
Cluster_4525,19
Cluster_4526,1
Cluster_4527,1
Cluster_4528,1
Cluster_4529,5
Cluster_453,134
Cluster_4530,2
Cluster_4531,1
Cluster_4532,1
Cluster_4533,1
Cluster_4534,1
Cluster_4535,1
Cluster_4536,13
Cluster_4537,63
Cluster_4538,5
Cluster_4539,1
Cluster_454,28
Cluster_4540,533
Cluster_4541,2
Cluster_4542,2
Cluster_4543,131
Cluster_4544,8
Cluster_4545,1
Cluster_4546,6
Cluster_4547,1
Cluster_4548,39
Cluster_4549,196
Cluster_455,3
Cluster_4550,2
Cluster_4551,5
Cluster_4552,1
Cluster_4553,1
Cluster_4554,2
Cluster_4555,3
Cluster_4556,1
Cluster_4557,18
Cluster_4558,1
Cluster_4559,9
Cluster_456,26
Cluster_4560,7
Cluster_4561,15
Cluster_4562,29
Cluster_4563,128
Cluster_4564,3
Cluster_4565,4
Cluster_4566,2
Cluster_4567,1
Cluster_4568,5
Cluster_4569,54
Cluster_457,483
Cluster_4570,1
Cluster_4571,1
Cluster_4572,1
Cluster_4573,23
Cluster_4574,2
Cluster_4575,2
Cluster_4576,1
Cluster_4577,6
Cluster_4578,10
Cluster_4579,1
Cluster_458,1
Cluster_4580,1
Cluster_4581,2
Cluster_4582,1
Cluster_4583,2
Cluster_4584,7
Cluster_4585,10
Cluster_4586,1
Cluster_4587,1
Cluster_4588,1
Cluster_4589,1
Cluster_459,54
Cluster_4590,1
Cluster_4591,1
Cluster_4592,1
Cluster_4593,10
Cluster_4594,57
Cluster_4595,174
Cluster_4596,112
Cluster_4597,2
Cluster_4598,1
Cluster_4599,12
Cluster_46,40
Cluster_460,11
Cluster_4600,1
Cluster_4601,1
Cluster_4602,1
Cluster_4603,1
Cluster_4604,1
Cluster_4605,1
Cluster_4606,1
Cluster_4607,1
Cluster_4608,1
Cluster_4609,1
Cluster_461,1
Cluster_4610,1
Cluster_4611,1
Cluster_4612,1
Cluster_4613,2
Cluster_4614,1
Cluster_4615,1
Cluster_4616,1
Cluster_4617,9
Cluster_4618,21
Cluster_4619,1
Cluster_462,2
Cluster_4620,1
Cluster_4621,1
Cluster_4622,1
Cluster_4623,1
Cluster_4624,1
Cluster_4625,13
Cluster_4626,23
Cluster_4627,3
Cluster_4628,3
Cluster_4629,18
Cluster_463,1
Cluster_4630,1
Cluster_4631,1
Cluster_4632,2
Cluster_4633,5
Cluster_4634,1
Cluster_4635,2
Cluster_4636,2
Cluster_4637,1
Cluster_4638,91
Cluster_4639,84
Cluster_464,1
Cluster_4640,25
Cluster_4641,1
Cluster_4642,1
Cluster_4643,2
Cluster_4644,1
Cluster_4645,1
Cluster_4646,1
Cluster_4647,1
Cluster_4648,2
Cluster_4649,1
Cluster_465,1
Cluster_4650,1
Cluster_4651,2
Cluster_4652,2
Cluster_4653,4
Cluster_4654,3
Cluster_4655,1
Cluster_4656,1
Cluster_4657,2
Cluster_4658,1
Cluster_4659,1
Cluster_466,1
Cluster_4660,6
Cluster_4661,6
Cluster_4662,1
Cluster_4663,127
Cluster_4664,3
Cluster_4665,2
Cluster_4666,1
Cluster_4667,3
Cluster_4668,3
Cluster_4669,3
Cluster_467,1
Cluster_4670,8
Cluster_4671,9
Cluster_4672,7
Cluster_4673,13
Cluster_4674,11
Cluster_4675,3
Cluster_4676,6
Cluster_4677,1
Cluster_4678,4
Cluster_4679,3
Cluster_468,2
Cluster_4680,1
Cluster_4681,1
Cluster_4682,8
Cluster_4683,2
Cluster_4684,2
Cluster_4685,4
Cluster_4686,537
Cluster_4687,4
Cluster_4688,25
Cluster_4689,29
Cluster_469,1
Cluster_4690,13
Cluster_4691,3
Cluster_4692,1
Cluster_4693,1
Cluster_4694,1
Cluster_4695,1
Cluster_4696,1
Cluster_4697,1
Cluster_4698,1
Cluster_4699,1
Cluster_47,1
Cluster_470,1
Cluster_4700,1
Cluster_4701,1
Cluster_4702,1
Cluster_4703,2
Cluster_4704,450
Cluster_4705,9
Cluster_4706,6
Cluster_4707,2
Cluster_4708,2
Cluster_4709,192
Cluster_471,2
Cluster_4710,3
Cluster_4711,85
Cluster_4712,17
Cluster_4713,2
Cluster_4714,1
Cluster_4715,1
Cluster_4716,6
Cluster_4717,16
Cluster_4718,4
Cluster_4719,1
Cluster_472,7
Cluster_4720,3
Cluster_4721,1
Cluster_4722,128
Cluster_4723,2
Cluster_4724,1
Cluster_4725,19
Cluster_4726,8
Cluster_4727,1
Cluster_4728,1
Cluster_4729,2
Cluster_473,31
Cluster_4730,1
Cluster_4731,1
Cluster_4732,12
Cluster_4733,1
Cluster_4734,19
Cluster_4735,1
Cluster_4736,2
Cluster_4737,40
Cluster_4738,1
Cluster_4739,40
Cluster_474,18
Cluster_4740,20
Cluster_4741,1
Cluster_4742,1
Cluster_4743,3
Cluster_4744,10
Cluster_4745,8
Cluster_4746,1
Cluster_4747,3
Cluster_4748,38
Cluster_4749,7
Cluster_475,561
Cluster_4750,3
Cluster_4751,1
Cluster_4752,2
Cluster_4753,7
Cluster_4754,1
Cluster_4755,1
Cluster_4756,3
Cluster_4757,2
Cluster_4758,3
Cluster_4759,2
Cluster_476,1
Cluster_4760,2
Cluster_4761,1
Cluster_4762,1
Cluster_4763,3
Cluster_4764,3
Cluster_4765,1
Cluster_4766,4
Cluster_4767,1
Cluster_4768,1
Cluster_4769,1
Cluster_477,32
Cluster_4770,1
Cluster_4771,4
Cluster_4772,1
Cluster_4773,1
Cluster_4774,1
Cluster_4775,3
Cluster_4776,1
Cluster_4777,4
Cluster_4778,1
Cluster_4779,1
Cluster_478,22
Cluster_4780,1
Cluster_4781,2
Cluster_4782,1
Cluster_4783,3
Cluster_4784,1
Cluster_4785,2
Cluster_4786,1
Cluster_4787,2
Cluster_4788,1
Cluster_4789,4
Cluster_479,2139
Cluster_4790,2
Cluster_4791,1
Cluster_4792,3
Cluster_4793,1
Cluster_4794,2
Cluster_4795,1
Cluster_4796,2
Cluster_4797,1
Cluster_4798,6
Cluster_4799,1
Cluster_48,2
Cluster_480,170
Cluster_4800,1
Cluster_4801,1
Cluster_4802,1
Cluster_4803,1
Cluster_4804,3
Cluster_4805,11
Cluster_4806,1
Cluster_4807,3
Cluster_4808,1
Cluster_4809,6
Cluster_481,7
Cluster_4810,2
Cluster_4811,1
Cluster_4812,1
Cluster_4813,2
Cluster_4814,1
Cluster_4815,1
Cluster_4816,1
Cluster_4817,2
Cluster_4818,4
Cluster_4819,3
Cluster_482,5
Cluster_4820,3
Cluster_4821,1
Cluster_4822,1
Cluster_4823,1
Cluster_4824,1
Cluster_4825,1
Cluster_4826,5
Cluster_4827,37
Cluster_4828,1
Cluster_4829,114
Cluster_483,179
Cluster_4830,1
Cluster_4831,5
Cluster_4832,3
Cluster_4833,1
Cluster_4834,4
Cluster_4835,2
Cluster_4836,2
Cluster_4837,3
Cluster_4838,1
Cluster_4839,4
Cluster_484,564
Cluster_4840,1
Cluster_4841,31
Cluster_4842,1
Cluster_4843,2
Cluster_4844,1
Cluster_4845,2
Cluster_4846,1
Cluster_4847,1
Cluster_4848,1
Cluster_4849,2
Cluster_485,872
Cluster_4850,1
Cluster_4851,1
Cluster_4852,2
Cluster_4853,3
Cluster_4854,2
Cluster_4855,2
Cluster_4856,2
Cluster_4857,1
Cluster_4858,4
Cluster_4859,2
Cluster_486,40
Cluster_4860,1
Cluster_4861,2
Cluster_4862,6
Cluster_4863,1
Cluster_4864,1
Cluster_4865,84
Cluster_4866,2
Cluster_4867,1
Cluster_4868,1
Cluster_4869,1
Cluster_487,69
Cluster_4870,1
Cluster_4871,2
Cluster_4872,1
Cluster_4873,1
Cluster_4874,1
Cluster_4875,1
Cluster_4876,8
Cluster_4877,13
Cluster_4878,1
Cluster_4879,2
Cluster_488,370
Cluster_4880,1
Cluster_4881,2
Cluster_4882,1
Cluster_4883,3
Cluster_4884,2
Cluster_4885,2
Cluster_4886,1
Cluster_4887,1
Cluster_4888,1
Cluster_4889,3
Cluster_489,2
Cluster_4890,1
Cluster_4891,1
Cluster_4892,1
Cluster_4893,1
Cluster_4894,1
Cluster_4895,1
Cluster_4896,1
Cluster_4897,2
Cluster_4898,1
Cluster_4899,2
Cluster_49,1
Cluster_490,1
Cluster_4900,1
Cluster_4901,1
Cluster_4902,1
Cluster_4903,5
Cluster_4904,3
Cluster_4905,3
Cluster_4906,1
Cluster_4907,2
Cluster_4908,4
Cluster_4909,2
Cluster_491,4
Cluster_4910,1
Cluster_4911,1
Cluster_4912,1
Cluster_4913,1
Cluster_4914,3
Cluster_4915,2
Cluster_4916,2
Cluster_4917,1
Cluster_4918,1
Cluster_4919,1
Cluster_492,1870
Cluster_4920,17
Cluster_4921,2
Cluster_4922,1
Cluster_4923,1
Cluster_4924,1
Cluster_4925,1
Cluster_4926,2
Cluster_4927,3
Cluster_4928,2
Cluster_4929,1
Cluster_493,62
Cluster_4930,2
Cluster_4931,7
Cluster_4932,2
Cluster_4933,3
Cluster_4934,1
Cluster_4935,1
Cluster_4936,1
Cluster_4937,1
Cluster_4938,1
Cluster_4939,1
Cluster_494,2532
Cluster_4940,1
Cluster_4941,1
Cluster_4942,1
Cluster_4943,1
Cluster_4944,2
Cluster_4945,1
Cluster_4946,1
Cluster_4947,2
Cluster_4948,3
Cluster_4949,1
Cluster_495,167
Cluster_4950,1
Cluster_4951,2
Cluster_4952,2
Cluster_4953,55
Cluster_4954,3
Cluster_4955,9
Cluster_4956,1
Cluster_4957,1
Cluster_4958,3
Cluster_4959,4
Cluster_496,47
Cluster_4960,2
Cluster_4961,2
Cluster_4962,1
Cluster_4963,2
Cluster_4964,2
Cluster_4965,1
Cluster_4966,2
Cluster_4967,2
Cluster_4968,1
Cluster_4969,1
Cluster_497,50
Cluster_4970,1
Cluster_4971,1
Cluster_4972,1
Cluster_4973,2
Cluster_4974,2
Cluster_4975,2
Cluster_4976,1
Cluster_4977,10
Cluster_4978,1
Cluster_4979,3
Cluster_498,23
Cluster_4980,1
Cluster_4981,1
Cluster_4982,3
Cluster_4983,7
Cluster_4984,1
Cluster_4985,1
Cluster_4986,4
Cluster_4987,14
Cluster_4988,1
Cluster_4989,1
Cluster_499,1
Cluster_4990,6
Cluster_4991,1
Cluster_4992,1
Cluster_4993,3
Cluster_4994,1
Cluster_4995,64
Cluster_4996,138
Cluster_4997,2
Cluster_4998,4
Cluster_4999,1
Cluster_5,103
Cluster_50,113
Cluster_500,1
Cluster_5000,1
Cluster_5001,1
Cluster_5002,1
Cluster_5003,57
Cluster_5004,1
Cluster_5005,1
Cluster_5006,1
Cluster_5007,1
Cluster_5008,1
Cluster_5009,240
Cluster_501,788
Cluster_5010,1
Cluster_5011,1
Cluster_5012,1
Cluster_5013,2
Cluster_5014,2
Cluster_5015,1
Cluster_5016,2
Cluster_5017,2
Cluster_5018,1
Cluster_5019,2
Cluster_502,51
Cluster_5020,2
Cluster_5021,1
Cluster_5022,2
Cluster_5023,2
Cluster_5024,1
Cluster_5025,3
Cluster_5026,1
Cluster_5027,1
Cluster_5028,2
Cluster_5029,1
Cluster_503,1
Cluster_5030,4
Cluster_5031,1
Cluster_5032,2
Cluster_5033,1
Cluster_5034,1
Cluster_5035,1
Cluster_5036,1
Cluster_5037,1
Cluster_5038,2
Cluster_5039,2
Cluster_504,1
Cluster_5040,1
Cluster_5041,1
Cluster_5042,1
Cluster_5043,3
Cluster_5044,2
Cluster_5045,1
Cluster_5046,4
Cluster_5047,1
Cluster_5048,1
Cluster_5049,1
Cluster_505,2
Cluster_5050,1
Cluster_5051,1
Cluster_5052,2
Cluster_5053,1
Cluster_5054,1
Cluster_5055,12
Cluster_5056,1
Cluster_5057,1
Cluster_5058,1
Cluster_5059,1
Cluster_506,1
Cluster_5060,1
Cluster_5061,1
Cluster_5062,1
Cluster_5063,1
Cluster_5064,1
Cluster_5065,1
Cluster_5066,2
Cluster_5067,4
Cluster_5068,1
Cluster_5069,2
Cluster_507,1
Cluster_5070,2
Cluster_5071,2
Cluster_5072,1
Cluster_5073,1
Cluster_5074,1
Cluster_5075,1
Cluster_5076,5
Cluster_5077,12
Cluster_5078,9
Cluster_5079,1
Cluster_508,1
Cluster_5080,40
Cluster_5081,2
Cluster_5082,1
Cluster_5083,1
Cluster_5084,1
Cluster_5085,1
Cluster_5086,1
Cluster_5087,2
Cluster_5088,8
Cluster_5089,3
Cluster_509,12
Cluster_5090,1
Cluster_5091,1
Cluster_5092,4
Cluster_5093,1
Cluster_5094,1
Cluster_5095,1
Cluster_5096,1
Cluster_5097,1
Cluster_5098,1
Cluster_5099,1
Cluster_51,80
Cluster_510,17
Cluster_5100,2
Cluster_5101,1
Cluster_5102,1
Cluster_5103,1
Cluster_5104,3
Cluster_5105,2
Cluster_5106,6
Cluster_5107,1
Cluster_5108,1
Cluster_5109,3
Cluster_511,180
Cluster_5110,1
Cluster_5111,2
Cluster_5112,4
Cluster_5113,2
Cluster_5114,20
Cluster_5115,1
Cluster_5116,1
Cluster_5117,1
Cluster_5118,1
Cluster_5119,1
Cluster_512,7
Cluster_5120,1
Cluster_5121,3
Cluster_5122,1
Cluster_5123,1
Cluster_5124,2
Cluster_5125,3
Cluster_5126,2
Cluster_5127,2
Cluster_5128,2
Cluster_5129,2
Cluster_513,1
Cluster_5130,1
Cluster_5131,9
Cluster_5132,1
Cluster_5133,2
Cluster_5134,2
Cluster_5135,2
Cluster_5136,1
Cluster_5137,2
Cluster_5138,2
Cluster_5139,2
Cluster_514,92
Cluster_5140,1
Cluster_5141,1
Cluster_5142,1
Cluster_5143,3
Cluster_5144,1
Cluster_5145,1
Cluster_5146,3
Cluster_5147,1
Cluster_5148,1
Cluster_5149,2
Cluster_515,16
Cluster_5150,2
Cluster_5151,2
Cluster_5152,2
Cluster_5153,2
Cluster_5154,1
Cluster_5155,1
Cluster_5156,2
Cluster_5157,1
Cluster_5158,1
Cluster_5159,1
Cluster_516,1
Cluster_5160,2
Cluster_5161,1
Cluster_5162,1
Cluster_5163,1
Cluster_5164,2
Cluster_5165,2
Cluster_5166,1
Cluster_5167,2
Cluster_5168,1
Cluster_5169,1
Cluster_517,12
Cluster_5170,6
Cluster_5171,1
Cluster_5172,9
Cluster_5173,85
Cluster_5174,1
Cluster_5175,2
Cluster_5176,5
Cluster_5177,1
Cluster_5178,8
Cluster_5179,3
Cluster_518,5
Cluster_5180,3
Cluster_5181,34
Cluster_5182,2
Cluster_5183,1
Cluster_5184,2
Cluster_5185,2
Cluster_5186,2
Cluster_5187,1
Cluster_5188,1
Cluster_5189,2
Cluster_519,2
Cluster_5190,1
Cluster_5191,2
Cluster_5192,2
Cluster_5193,2
Cluster_5194,1
Cluster_5195,1
Cluster_5196,2
Cluster_5197,1
Cluster_5198,1
Cluster_5199,1
Cluster_52,29
Cluster_520,1
Cluster_5200,1
Cluster_5201,1
Cluster_5202,1
Cluster_5203,1
Cluster_5204,1
Cluster_5205,1
Cluster_5206,2
Cluster_5207,2
Cluster_5208,4
Cluster_5209,6
Cluster_521,1
Cluster_5210,1
Cluster_5211,3
Cluster_5212,1
Cluster_5213,1
Cluster_5214,1
Cluster_5215,1
Cluster_5216,1
Cluster_5217,1
Cluster_5218,2
Cluster_5219,2
Cluster_522,59
Cluster_5220,1
Cluster_5221,4
Cluster_5222,2
Cluster_5223,1
Cluster_5224,6
Cluster_5225,2
Cluster_5226,4
Cluster_5227,2
Cluster_5228,4
Cluster_5229,10
Cluster_523,388
Cluster_5230,2
Cluster_5231,1
Cluster_5232,2
Cluster_5233,3
Cluster_5234,4
Cluster_5235,2
Cluster_5236,1
Cluster_5237,2
Cluster_5238,2
Cluster_5239,48
Cluster_524,164
Cluster_5240,1
Cluster_5241,2
Cluster_5242,9
Cluster_5243,1
Cluster_5244,2
Cluster_5245,1
Cluster_5246,1
Cluster_5247,1
Cluster_5248,1
Cluster_5249,1
Cluster_525,1530
Cluster_5250,1
Cluster_5251,2
Cluster_5252,1
Cluster_5253,1
Cluster_5254,1
Cluster_5255,1
Cluster_5256,2
Cluster_5257,1
Cluster_5258,1
Cluster_5259,2
Cluster_526,3
Cluster_5260,1
Cluster_5261,1
Cluster_5262,1
Cluster_5263,3
Cluster_5264,1
Cluster_5265,1
Cluster_5266,1
Cluster_5267,1
Cluster_5268,1
Cluster_5269,1
Cluster_527,5
Cluster_5270,1
Cluster_5271,2
Cluster_5272,1
Cluster_5273,3
Cluster_5274,1
Cluster_5275,3
Cluster_5276,1
Cluster_5277,2
Cluster_5278,2
Cluster_5279,3
Cluster_528,7
Cluster_5280,2
Cluster_5281,1
Cluster_5282,1
Cluster_5283,3
Cluster_5284,1
Cluster_5285,1
Cluster_5286,1
Cluster_5287,1
Cluster_5288,1
Cluster_5289,1
Cluster_529,155
Cluster_5290,1
Cluster_5291,2
Cluster_5292,1
Cluster_5293,1
Cluster_5294,1
Cluster_5295,4
Cluster_5296,1
Cluster_5297,1
Cluster_5298,4
Cluster_5299,2
Cluster_53,2
Cluster_530,1380
Cluster_5300,3
Cluster_5301,114
Cluster_5302,2
Cluster_5303,1
Cluster_5304,3
Cluster_5305,1
Cluster_5306,3
Cluster_5307,1
Cluster_5308,1
Cluster_5309,1
Cluster_531,30
Cluster_5310,1
Cluster_5311,3
Cluster_5312,2
Cluster_5313,1
Cluster_5314,2
Cluster_5315,3
Cluster_5316,1
Cluster_5317,1
Cluster_5318,1
Cluster_5319,1
Cluster_532,638
Cluster_5320,2
Cluster_5321,1
Cluster_5322,1
Cluster_5323,1
Cluster_5324,1
Cluster_5325,6
Cluster_5326,2
Cluster_5327,4
Cluster_5328,3
Cluster_5329,8
Cluster_533,2
Cluster_5330,1
Cluster_5331,1
Cluster_5332,3
Cluster_5333,1
Cluster_5334,1
Cluster_5335,1
Cluster_5336,1
Cluster_5337,2
Cluster_5338,2
Cluster_5339,1
Cluster_534,1006
Cluster_5340,2
Cluster_5341,1
Cluster_5342,2
Cluster_5343,1
Cluster_5344,2
Cluster_5345,1
Cluster_5346,2
Cluster_5347,2
Cluster_5348,1
Cluster_5349,3
Cluster_535,21
Cluster_5350,3
Cluster_5351,4
Cluster_5352,8
Cluster_5353,1
Cluster_5354,1
Cluster_5355,2
Cluster_5356,2
Cluster_5357,4
Cluster_5358,1
Cluster_5359,1
Cluster_536,3
Cluster_5360,1
Cluster_5361,2
Cluster_5362,1
Cluster_5363,7
Cluster_5364,1
Cluster_5365,1
Cluster_5366,1
Cluster_5367,1
Cluster_5368,1
Cluster_5369,3
Cluster_537,40
Cluster_5370,1
Cluster_5371,1
Cluster_5372,7
Cluster_5373,15
Cluster_5374,1
Cluster_5375,1
Cluster_5376,2
Cluster_5377,39
Cluster_5378,229
Cluster_5379,1
Cluster_538,2996
Cluster_5380,2
Cluster_5381,5
Cluster_5382,3
Cluster_5383,17
Cluster_5384,14
Cluster_5385,3
Cluster_5386,5
Cluster_5387,3
Cluster_5388,13
Cluster_5389,1
Cluster_539,182
Cluster_5390,128
Cluster_5391,1
Cluster_5392,2
Cluster_5393,1
Cluster_5394,2
Cluster_5395,2
Cluster_5396,1
Cluster_5397,4
Cluster_5398,1
Cluster_5399,1
Cluster_54,19
Cluster_540,418
Cluster_5400,4
Cluster_5401,2
Cluster_5402,1
Cluster_5403,1
Cluster_5404,3
Cluster_5405,1
Cluster_5406,3
Cluster_5407,2
Cluster_5408,1
Cluster_5409,2
Cluster_541,1135
Cluster_5410,2
Cluster_5411,2
Cluster_5412,1
Cluster_5413,1
Cluster_5414,1
Cluster_5415,1
Cluster_5416,2
Cluster_5417,1
Cluster_5418,1
Cluster_5419,1
Cluster_542,1189
Cluster_5420,1
Cluster_5421,2
Cluster_5422,1
Cluster_5423,2
Cluster_5424,2
Cluster_5425,2
Cluster_5426,2
Cluster_5427,1
Cluster_5428,1
Cluster_5429,1
Cluster_543,1708
Cluster_5430,1
Cluster_5431,1
Cluster_5432,1
Cluster_5433,3
Cluster_5434,5
Cluster_5435,1
Cluster_5436,3
Cluster_5437,2
Cluster_5438,4
Cluster_5439,2
Cluster_544,111
Cluster_5440,6
Cluster_5441,1
Cluster_5442,1
Cluster_5443,5
Cluster_5444,1
Cluster_5445,4
Cluster_5446,1
Cluster_5447,2
Cluster_5448,1
Cluster_5449,1
Cluster_545,1
Cluster_5450,3
Cluster_5451,1
Cluster_5452,1
Cluster_5453,1
Cluster_5454,2
Cluster_5455,3
Cluster_5456,2
Cluster_5457,3
Cluster_5458,2
Cluster_5459,4
Cluster_546,1
Cluster_5460,1
Cluster_5461,1
Cluster_5462,1
Cluster_5463,3
Cluster_5464,1
Cluster_5465,2
Cluster_5466,1
Cluster_5467,1
Cluster_5468,1
Cluster_5469,1
Cluster_547,1021
Cluster_5470,1
Cluster_5471,2
Cluster_5472,2
Cluster_5473,3
Cluster_5474,1
Cluster_5475,1
Cluster_5476,2
Cluster_5477,1
Cluster_5478,2
Cluster_5479,4
Cluster_548,7617
Cluster_5480,2
Cluster_5481,1
Cluster_5482,2
Cluster_5483,2
Cluster_5484,2
Cluster_5485,1
Cluster_5486,1
Cluster_5487,1
Cluster_5488,9
Cluster_5489,4
Cluster_549,1788
Cluster_5490,2
Cluster_5491,1
Cluster_5492,1
Cluster_5493,1
Cluster_5494,1
Cluster_5495,1
Cluster_5496,2
Cluster_5497,1
Cluster_5498,1
Cluster_5499,1
Cluster_55,60
Cluster_550,138
Cluster_5500,1
Cluster_5501,2
Cluster_5502,1
Cluster_5503,1
Cluster_5504,1
Cluster_5505,4
Cluster_5506,2
Cluster_5507,1
Cluster_5508,1
Cluster_5509,2
Cluster_551,1122
Cluster_5510,2
Cluster_5511,1
Cluster_5512,1
Cluster_5513,3
Cluster_5514,2
Cluster_5515,2
Cluster_5516,1
Cluster_5517,2
Cluster_5518,2
Cluster_5519,1
Cluster_552,36
Cluster_5520,4
Cluster_5521,1
Cluster_5522,1
Cluster_5523,1
Cluster_5524,2
Cluster_5525,1
Cluster_5526,3
Cluster_5527,1
Cluster_5528,1
Cluster_5529,1
Cluster_553,3968
Cluster_5530,2
Cluster_5531,1
Cluster_5532,2
Cluster_5533,1
Cluster_5534,1
Cluster_5535,1
Cluster_5536,1
Cluster_5537,1
Cluster_5538,10
Cluster_5539,15
Cluster_554,64
Cluster_5540,1
Cluster_5541,1
Cluster_5542,3
Cluster_5543,1
Cluster_5544,1
Cluster_5545,1
Cluster_5546,1
Cluster_5547,3
Cluster_5548,1
Cluster_5549,1
Cluster_555,69
Cluster_5550,1
Cluster_5551,2
Cluster_5552,1
Cluster_5553,2
Cluster_5554,60
Cluster_5555,2
Cluster_5556,1
Cluster_5557,9
Cluster_5558,1
Cluster_5559,1
Cluster_556,1
Cluster_5560,1
Cluster_5561,2
Cluster_5562,18
Cluster_5563,41
Cluster_5564,2
Cluster_5565,26
Cluster_5566,2
Cluster_5567,3
Cluster_5568,1
Cluster_5569,1
Cluster_557,15
Cluster_5570,1
Cluster_5571,1
Cluster_5572,1
Cluster_5573,4
Cluster_5574,10
Cluster_5575,2
Cluster_5576,2
Cluster_5577,6
Cluster_5578,32
Cluster_5579,18
Cluster_558,1
Cluster_5580,23
Cluster_5581,4
Cluster_5582,31
Cluster_5583,1
Cluster_5584,2
Cluster_5585,1
Cluster_5586,1
Cluster_5587,1
Cluster_5588,2
Cluster_5589,3
Cluster_559,131
Cluster_5590,1
Cluster_5591,1
Cluster_5592,197
Cluster_5593,8
Cluster_5594,3
Cluster_5595,1
Cluster_5596,1
Cluster_5597,2
Cluster_5598,1
Cluster_5599,2
Cluster_56,19
Cluster_560,399
Cluster_5600,1
Cluster_5601,4
Cluster_5602,1
Cluster_5603,86
Cluster_5604,4
Cluster_5605,1
Cluster_5606,2
Cluster_5607,1
Cluster_5608,1
Cluster_5609,8
Cluster_561,61
Cluster_5610,4
Cluster_5611,1
Cluster_5612,2
Cluster_5613,1
Cluster_5614,1
Cluster_5615,1
Cluster_5616,2
Cluster_5617,2
Cluster_5618,3
Cluster_5619,1
Cluster_562,7
Cluster_5620,1
Cluster_5621,1
Cluster_5622,1
Cluster_5623,1
Cluster_5624,1
Cluster_5625,3
Cluster_5626,5
Cluster_5627,1
Cluster_5628,1
Cluster_5629,2
Cluster_563,74
Cluster_5630,2
Cluster_5631,1
Cluster_5632,1
Cluster_5633,1
Cluster_5634,1
Cluster_5635,1
Cluster_5636,2
Cluster_5637,1
Cluster_5638,2
Cluster_5639,1
Cluster_564,1
Cluster_5640,1
Cluster_5641,1
Cluster_5642,1
Cluster_5643,1
Cluster_5644,1
Cluster_5645,1
Cluster_5646,1
Cluster_5647,1
Cluster_5648,3
Cluster_5649,1
Cluster_565,191
Cluster_5650,1
Cluster_5651,2
Cluster_5652,1
Cluster_5653,1
Cluster_5654,1
Cluster_5655,1
Cluster_5656,2
Cluster_5657,1
Cluster_5658,1
Cluster_5659,1
Cluster_566,989
Cluster_5660,6
Cluster_5661,1
Cluster_5662,2
Cluster_5663,2
Cluster_5664,1
Cluster_5665,1
Cluster_5666,1
Cluster_5667,1
Cluster_5668,1
Cluster_5669,1
Cluster_567,38
Cluster_5670,1
Cluster_5671,1
Cluster_5672,1
Cluster_5673,1
Cluster_5674,1
Cluster_5675,1
Cluster_5676,1
Cluster_5677,1
Cluster_5678,1
Cluster_5679,1
Cluster_568,21
Cluster_5680,1
Cluster_5681,1
Cluster_5682,1
Cluster_5683,1
Cluster_5684,1
Cluster_5685,1
Cluster_5686,1
Cluster_5687,1
Cluster_5688,1
Cluster_5689,1
Cluster_569,174
Cluster_5690,1
Cluster_5691,1
Cluster_5692,2
Cluster_5693,4
Cluster_5694,1
Cluster_5695,1
Cluster_5696,2
Cluster_5697,1
Cluster_5698,3
Cluster_5699,1
Cluster_57,1
Cluster_570,3
Cluster_5700,2
Cluster_5701,1
Cluster_5702,1
Cluster_5703,1
Cluster_5704,1
Cluster_5705,1
Cluster_5706,1
Cluster_5707,1
Cluster_5708,1
Cluster_5709,1
Cluster_571,1
Cluster_5710,1
Cluster_5711,2
Cluster_5712,2
Cluster_5713,1
Cluster_5714,1
Cluster_5715,2
Cluster_5716,3
Cluster_5717,2
Cluster_5718,1
Cluster_5719,1
Cluster_572,42
Cluster_5720,2
Cluster_5721,2
Cluster_5722,2
Cluster_5723,1
Cluster_5724,1
Cluster_5725,2
Cluster_5726,1
Cluster_5727,1
Cluster_5728,1
Cluster_5729,1
Cluster_573,4
Cluster_5730,2
Cluster_5731,2
Cluster_5732,3
Cluster_5733,1
Cluster_5734,2
Cluster_5735,2
Cluster_5736,2
Cluster_5737,1
Cluster_5738,2
Cluster_5739,2
Cluster_574,2
Cluster_5740,10
Cluster_5741,1
Cluster_5742,13
Cluster_5743,6
Cluster_5744,2
Cluster_5745,9
Cluster_5746,2
Cluster_5747,1
Cluster_5748,1
Cluster_5749,27
Cluster_575,143
Cluster_5750,2
Cluster_5751,1
Cluster_5752,1
Cluster_5753,1
Cluster_5754,1
Cluster_5755,1
Cluster_5756,2
Cluster_5757,3
Cluster_5758,1
Cluster_5759,2
Cluster_576,2
Cluster_5760,1
Cluster_5761,2
Cluster_5762,2
Cluster_5763,1
Cluster_5764,1
Cluster_5765,1
Cluster_5766,1
Cluster_5767,1
Cluster_5768,1
Cluster_5769,1
Cluster_577,57
Cluster_5770,2
Cluster_5771,1
Cluster_5772,1
Cluster_5773,15
Cluster_5774,1
Cluster_5775,2
Cluster_5776,2
Cluster_5777,1
Cluster_5778,1
Cluster_5779,5
Cluster_578,1
Cluster_5780,1
Cluster_5781,1
Cluster_5782,2
Cluster_5783,1
Cluster_5784,1
Cluster_579,2
Cluster_58,1100
Cluster_580,1
Cluster_581,1
Cluster_582,14
Cluster_583,7
Cluster_584,12
Cluster_585,520
Cluster_586,128
Cluster_587,11
Cluster_588,7
Cluster_589,58
Cluster_59,126
Cluster_590,474
Cluster_591,60
Cluster_592,1
Cluster_593,2
Cluster_594,2
Cluster_595,3
Cluster_596,9
Cluster_597,32
Cluster_598,5
Cluster_599,1
Cluster_6,75
Cluster_60,114
Cluster_600,2
Cluster_601,1
Cluster_602,166
Cluster_603,17
Cluster_604,30
Cluster_605,3
Cluster_606,39
Cluster_607,1
Cluster_608,1
Cluster_609,2
Cluster_61,513
Cluster_610,2
Cluster_611,1
Cluster_612,42
Cluster_613,105
Cluster_614,87
Cluster_615,1
Cluster_616,1
Cluster_617,2
Cluster_618,41
Cluster_619,12
Cluster_62,593
Cluster_620,12
Cluster_621,1
Cluster_622,1
Cluster_623,1
Cluster_624,1
Cluster_625,1
Cluster_626,1
Cluster_627,1
Cluster_628,248
Cluster_629,492
Cluster_63,171
Cluster_630,30
Cluster_631,1
Cluster_632,879
Cluster_633,12
Cluster_634,2
Cluster_635,1
Cluster_636,2
Cluster_637,2
Cluster_638,1
Cluster_639,25
Cluster_64,1
Cluster_640,23
Cluster_641,82
Cluster_642,1
Cluster_643,1
Cluster_644,366
Cluster_645,1
Cluster_646,5
Cluster_647,5
Cluster_648,23
Cluster_649,3
Cluster_65,1
Cluster_650,2
Cluster_651,1
Cluster_652,1
Cluster_653,10
Cluster_654,7
Cluster_655,2
Cluster_656,1
Cluster_657,1
Cluster_658,2
Cluster_659,5
Cluster_66,2
Cluster_660,2
Cluster_661,14
Cluster_662,3
Cluster_663,1
Cluster_664,4
Cluster_665,1
Cluster_666,312
Cluster_667,298
Cluster_668,1208
Cluster_669,533
Cluster_67,412
Cluster_670,60
Cluster_671,1
Cluster_672,267
Cluster_673,12
Cluster_674,414
Cluster_675,156
Cluster_676,52
Cluster_677,8
Cluster_678,2
Cluster_679,193
Cluster_68,995
Cluster_680,3
Cluster_681,5
Cluster_682,12
Cluster_683,15
Cluster_684,29
Cluster_685,2
Cluster_686,1
Cluster_687,1
Cluster_688,1
Cluster_689,52
Cluster_69,30
Cluster_690,27
Cluster_691,52
Cluster_692,659
Cluster_693,66
Cluster_694,40
Cluster_695,43
Cluster_696,6
Cluster_697,2
Cluster_698,4
Cluster_699,1
Cluster_7,7
Cluster_70,2
Cluster_700,24
Cluster_701,3
Cluster_702,3
Cluster_703,1
Cluster_704,1
Cluster_705,1
Cluster_706,645
Cluster_707,29
Cluster_708,2
Cluster_709,405
Cluster_71,8
Cluster_710,3
Cluster_711,604
Cluster_712,2
Cluster_713,1
Cluster_714,9
Cluster_715,379
Cluster_716,20
Cluster_717,1
Cluster_718,1
Cluster_719,64
Cluster_72,3
Cluster_720,23
Cluster_721,2
Cluster_722,2
Cluster_723,4
Cluster_724,1
Cluster_725,1
Cluster_726,1
Cluster_727,8
Cluster_728,8
Cluster_729,2
Cluster_73,134
Cluster_730,7
Cluster_731,3
Cluster_732,8
Cluster_733,97
Cluster_734,25
Cluster_735,3
Cluster_736,2
Cluster_737,3
Cluster_738,2
Cluster_739,2
Cluster_74,1
Cluster_740,4
Cluster_741,41
Cluster_742,1
Cluster_743,4
Cluster_744,3
Cluster_745,1
Cluster_746,981
Cluster_747,6
Cluster_748,6
Cluster_749,9
Cluster_75,3
Cluster_750,4
Cluster_751,1
Cluster_752,5
Cluster_753,7
Cluster_754,1
Cluster_755,14
Cluster_756,11
Cluster_757,8
Cluster_758,1
Cluster_759,1
Cluster_76,1
Cluster_760,1
Cluster_761,5
Cluster_762,1
Cluster_763,2
Cluster_764,1
Cluster_765,7
Cluster_766,3
Cluster_767,4
Cluster_768,2
Cluster_769,1
Cluster_77,5
Cluster_770,1
Cluster_771,2
Cluster_772,3
Cluster_773,3
Cluster_774,7
Cluster_775,3
Cluster_776,47
Cluster_777,5
Cluster_778,7
Cluster_779,88
Cluster_78,1
Cluster_780,1
Cluster_781,12
Cluster_782,1
Cluster_783,1
Cluster_784,9
Cluster_785,3
Cluster_786,1
Cluster_787,68
Cluster_788,32
Cluster_789,25
Cluster_79,7
Cluster_790,2
Cluster_791,2
Cluster_792,4
Cluster_793,1
Cluster_794,8
Cluster_795,5
Cluster_796,1
Cluster_797,52
Cluster_798,10
Cluster_799,1
Cluster_8,2
Cluster_80,106
Cluster_800,2
Cluster_801,8
Cluster_802,5
Cluster_803,2
Cluster_804,1
Cluster_805,6
Cluster_806,1
Cluster_807,1
Cluster_808,2
Cluster_809,54
Cluster_81,111
Cluster_810,6
Cluster_811,4
Cluster_812,1
Cluster_813,1
Cluster_814,1
Cluster_815,1
Cluster_816,1
Cluster_817,1
Cluster_818,2
Cluster_819,2
Cluster_82,155
Cluster_820,3
Cluster_821,1
Cluster_822,3
Cluster_823,102
Cluster_824,1
Cluster_825,1
Cluster_826,1
Cluster_827,1
Cluster_828,2
Cluster_829,8
Cluster_83,2
Cluster_830,1
Cluster_831,2
Cluster_832,2
Cluster_833,3
Cluster_834,1
Cluster_835,3
Cluster_836,1
Cluster_837,1
Cluster_838,1
Cluster_839,1
Cluster_84,2
Cluster_840,1
Cluster_841,2
Cluster_842,1
Cluster_843,9
Cluster_844,40
Cluster_845,2
Cluster_846,1
Cluster_847,6
Cluster_848,1
Cluster_849,3
Cluster_85,2399
Cluster_850,1
Cluster_851,8
Cluster_852,595
Cluster_853,1046
Cluster_854,1
Cluster_855,11
Cluster_856,88
Cluster_857,5
Cluster_858,4
Cluster_859,10
Cluster_86,58
Cluster_860,356
Cluster_861,4
Cluster_862,1
Cluster_863,1
Cluster_864,14
Cluster_865,20
Cluster_866,6
Cluster_867,5
Cluster_868,68
Cluster_869,5
Cluster_87,13
Cluster_870,5
Cluster_871,6
Cluster_872,1
Cluster_873,3
Cluster_874,1
Cluster_875,1
Cluster_876,5
Cluster_877,2
Cluster_878,9
Cluster_879,2
Cluster_88,18
Cluster_880,1
Cluster_881,6
Cluster_882,4
Cluster_883,2
Cluster_884,1
Cluster_885,3
Cluster_886,5
Cluster_887,54
Cluster_888,3
Cluster_889,23
Cluster_89,78
Cluster_890,4
Cluster_891,15
Cluster_892,10
Cluster_893,4
Cluster_894,3
Cluster_895,2
Cluster_896,6
Cluster_897,1
Cluster_898,7
Cluster_899,9
Cluster_9,1
Cluster_90,80
Cluster_900,2
Cluster_901,11
Cluster_902,3
Cluster_903,9
Cluster_904,1
Cluster_905,1
Cluster_906,2
Cluster_907,15
Cluster_908,3
Cluster_909,2
Cluster_91,64
Cluster_910,1
Cluster_911,217
Cluster_912,4
Cluster_913,2
Cluster_914,12
Cluster_915,6
Cluster_916,2
Cluster_917,2
Cluster_918,1
Cluster_919,1
Cluster_92,62
Cluster_920,1
Cluster_921,3
Cluster_922,1
Cluster_923,1
Cluster_924,2
Cluster_925,1
Cluster_926,3
Cluster_927,1
Cluster_928,2
Cluster_929,67
Cluster_93,1
Cluster_930,1
Cluster_931,1
Cluster_932,4
Cluster_933,2
Cluster_934,10
Cluster_935,5
Cluster_936,6
Cluster_937,1
Cluster_938,1
Cluster_939,1
Cluster_94,33
Cluster_940,1
Cluster_941,1
Cluster_942,1
Cluster_943,1
Cluster_944,12
Cluster_945,45
Cluster_946,9
Cluster_947,185
Cluster_948,3
Cluster_949,35
Cluster_95,1
Cluster_950,1
Cluster_951,1
Cluster_952,332
Cluster_953,3
Cluster_954,156
Cluster_955,3
Cluster_956,4
Cluster_957,3
Cluster_958,2
Cluster_959,2
Cluster_96,442
Cluster_960,1
Cluster_961,1
Cluster_962,1
Cluster_963,24
Cluster_964,3
Cluster_965,1
Cluster_966,6
Cluster_967,3
Cluster_968,6
Cluster_969,2
Cluster_97,1
Cluster_970,1
Cluster_971,2
Cluster_972,57
Cluster_973,1
Cluster_974,2
Cluster_975,6
Cluster_976,20
Cluster_977,8
Cluster_978,23
Cluster_979,33
Cluster_98,1
Cluster_980,3
Cluster_981,1
Cluster_982,1
Cluster_983,2
Cluster_984,2
Cluster_985,1
Cluster_986,1
Cluster_987,2
Cluster_988,1
Cluster_989,1
Cluster_99,28
Cluster_990,3
Cluster_991,1
Cluster_992,11
Cluster_993,4
Cluster_994,1
Cluster_995,4
Cluster_996,1
Cluster_997,23
Cluster_998,1
Cluster_999,2
